name;cooking_time;description;ingredients;categories
яблоки в карамели;20;В кастрюлю поместить воду и сахар, добавить пищевой краситель и варить до получения достаточно густой карамели. Проверить это можно, капнув немного в холодную воду — карамель должна застыть. Яблоки наткнуть на веточки или длинные шпажки и окунуть в карамель. Поставить на пергамент и украсить посыпкой или просто дать карамели застыть.;яблоко:5 шт.:False,сахар:500 гр.:False,вода:120 мл.:False,краситель пищевой:на выбор:True,посыпка:по желанию:True;сладкое,фрукты
сладкие паутинки;20;Соломку (лучше брать солёную для контраста вкусов) наломать на аккуратные половинки и сложить в виде снежинки на застеленном пергаментом противне или доске. Шоколад (горький или молочный — на ваш выбор) растопить на водяной бане и переложить в кондитерский мешок с узким носиком. Пока шоколад ещё жидкий выдавить его поверх соломки, образовывая узор-паутину. При желании добавить деталей зубочисткой. Украсить посыпкой и в центр паутины положить сахарные глазки. Отправить в холодильник до полного застывания, застывшие паутинки аккуратно снять с пергамента.;печенье-соломка:200 гр.:False,шоколад:100 гр.:False,посыпка:по желанию:True;сладкое
блинчики креп-сюзетт;30;Все ингредиенты для блинчиков смешать в одной миске и перемешать блендером, процедить. Сковороду, желательно с антипригарным покрытием, разогреть на среднем огне, добавить немного растительного масла. Небольшим половником налить блинное тесто на разогретую сковороду. Обжарить блин с двух сторон. Для удобства сложить блины треугольничком. Для соуса на холодную сковороду насыпать сахар и растапливать его на среднем огне. Как только сахар растопился, добавить сливочное масло, перемешать его с сахаром и влить половину сока. Перемешать ещё раз, чтобы карамель растворилась в соке, и добавить оставшуюся часть сока. Довести соус до кипения и уварить его до более густой консистенции. Добавить сегменты апельсина и блины. Прогреть в соусе, пока он не станет похожим на карамель. Выложить блинчики на любую любимую посуду и украсить сегментами апельсина, с которыми готовили, и ложкой сметаны.;молоко:200 мл.:False,яйцо:2 шт.:False,мука:75 г.:False,масло растительное:70 мл.:False,разрыхлитель:1 г.:True,соль:2 г.:False,вода:40 мл.:False,сахар:40 г.:False,масло сливочное:10 г.:False,сок апельсина:200 мл.:False,апельсин:40 г.:False,сметана:50 г.:False;сладкое,завтрак
мохито;10;Положить на дно стакана кусочки лайма и листья мяты. Слегка раздавить их пестиком или ложкой. Ваша задача — не сделать кашу, а лишь «вдавить» их друг в друга, чтобы выделился сок и эфирные масла. Если используете сахар, а не сироп, тоже кладите его на этом этапе. Добавить ром и наполнить стакан льдом на 80%. Перемешать все ингредиенты с помощью длинной ложки движениями снизу вверх. Наполнить бокал газированной водой так, чтобы до края стакана оставался 1 сантиметр. Если нужно, добавить ещё лёд.;мята:7-10 шт.:False,лайм:1 шт.:False,ром белый:50 мл.:True,сахар:2 ч.л.:False,вода:200 мл.:False;напиток
сырный суп из цветной капусты;30;В кастрюле разогреть растительное масло и обжарить измельчённые лук и чеснок с щепоткой соли до мягкости. Нарезать цветную капусту на соцветия и тонко нашинковать стебель. Добавить цветную капусту в кастрюлю вместе с тимьяном, залить молоком и бульоном. Оставить слабо кипеть 20 минут, пока капуста не станет мягкой. Добавить в суп оба вида тёртого сыра, перелить в чашу блендера и пробить до кремовости. Приправить по вкусу винным уксусом, вустерским соусом, солью и перцем. Растопить сливочное масло на сковороде до образования пены. Добавить тимьян, чеснок и порезанный кубиками хлеб. Обжарить до хрустящей румяной корочки. После добавить пармезан и перемешивать, пока сыр не покроет гренки. Подавать суп, посыпав гренками, свежемолотым перцем, сбрызнув оливковым маслом.;капуста цветная:1 шт.:False,молоко:500 мл.:False,бульон овощной:200 мл.:False,лук репчатый:1 шт.:False,чеснок:3 зуб.:False,тимьян:4 веточки:True,чеддер:150 г.:False,пармезан:30 г.:False,горчица дижонская:1 ч.л.:False,уксус винный:по вкусу:False,вустерский соус:по вкусу:False,масло растительное:для жарки:False,соль:по вкусу:False,перец чёрный молотый:по вкусу:False,хлеб:2 шт.:False,масло сливочное:70 г.:False;суп,обед,овощи
цветаевский яблочный пирог;60;Сливочное масло натереть на тёрке и смешать с мукой (2 столовых ложки муки оставить). Добавить 100 г сметаны и соду, как следует перемешать. Тесто должно получиться мягкое и не прилипать к рукам. Яблоки очистить от кожуры, удалить сердцевину и с помощью картофелечистки нарезать на тонкие пластинки, похожие на лепестки. Раскатать тесто и придать ему форму той ёмкости, в которой будете выпекать пирог. Уложить на дно формы тесто, сверху разложить яблочные лепестки. В отдельной миске смешать остатки сметаны, яйцо, сахар и 2 столовые ложки муки и слегка взбить. Крем по консистенции должен получиться достаточно жидким. Залить в форму с тестом и яблоками. Выпекать в разогретой до 200 ℃ духовке 40–50 минут.;яблоко:1 кг.:False,мука:300 г.:False,сметана:300 г.:False,масло сливочное:150 г.:False,сахар:200 г.:False,сода:1/2 ч.л.:False,яйцо:1 шт.:False;сладкое,выпечка
жасминовый лимонад с клубникой;10;Залить заварку горячей водой. Дать настояться 5 минут, процедить и перелить в прозрачный графин. Добавить холодную воду и ягоды. Лимонад можно хранить в холодильнике до 48 часов.;чай с жасмином:3 ч.л.:False,вода:1.5 л.:False,клубника:5–7 шт.:False;напиток
лунное молоко;10;Классическое «лунное молоко» готовится с добавлением порошка ашваганды. Но если не заморачиваться, подойдут любые пряности. Например, можно замешать в блендере стакан тёплого молока и по чайной ложке куркумы и корицы, а в конце добавить ложку мёда.;ашваганда:по желанию:True,молоко:200 гр.:False,мёд:1 ч.л.:False,куркума:1 чл.л:True,корица:1 ч.л.:True;напиток
груша и рикотта;30;В сотейник налить воду, добавить специи, 3 ст.л. мёда, чай и сок половины лимона, довести до кипения и убавить огонь. Интенсивность цвета груш будет зависеть от количества заварки, так что тут всё на ваш вкус. Груши очистить от кожицы и целиком положить в чайную смесь. При необходимости добавить воды — это важно, чтобы они полностью были покрыты жидкостью. Варить на среднем огне 10–15 минут, затем его выключить и оставить груши остывать, не вынимая из чая. Впоследствии можно уварить оставшуюся после груш жидкость до консистенции сиропа и использовать для сервировки. В глубокую миску выложить рикотту, добавить оставшийся мёд и лимонную цедру (немного оставить для подачи), взбить погружным блендером до кремовости, слегка посолить. На дно тарелки выложить взбитую рикотту, сверху — груши, посыпать лимонной цедрой и свежим тимьяном. По желанию украсить дроблёным фундуком.;груша:4 шт.:False,рикотта:200 г.:False,мёд:4 ст.л.:False,лимон:1 шт.:False,специи:любые:True,тимьян:по вкусу:True,фундук:для подачи:True,соль:по вкусу:False,перец чёрный молотый:по вкусу:False;перекус,закуска,фрукты
бургер с виски-глазурью и сырно-пивным соусом;30;Приготовить глазурь с виски. В небольшом сотейнике смешать все ингредиенты для глазури, довести до кипения и убавить огонь до слабого. Дать повариться примерно 5–7 минут, пока соус не загустеет, оставить на слабом огне до сервировки или убрать в холодильник и разогреть перед сборкой бургеров. Для котлет разделить мясо на четыре части. Каждую часть фарша расплющить ладонью и положить в середину кусочек сыра с плесенью, «запечатать» сыр мясом со всех сторон, чтобы получилась котлета. Разогреть сковороду-гриль на средне-сильном огне. Приправить котлеты солью и перцем и обжаривать по 4–5 минут с каждой стороны. Готовые котлеты накрыть фольгой. Приготовить сырный соус. Поставить на средний огонь сотейник и влить в него масло, как только оно запузырится, — всыпать муку. Постоянно помешивая, обжаривать муку 1–2 минуты, пока она не станет золотистой. Тонкой струйкой, помешивая, влить пиво и молоко и убавить огонь до слабого. Готовить, помешивая, пока соус слегка не загустеет. Всыпать сыр и перемешать до полного его растворения. Если получается слишком густо, добавить ещё молока. Готовый соус приправить солью и перцем. Собрать бургер. Прогреть каждую булочку на сухой сковороде, щедро положить на её основание глазурь, сверху сырный соус, затем котлету, добавить хрустящий лук/грибы/капусту или салат (что больше нравится), положить ещё сырного соуса, глазури и сверху вторую половину булочки.;кетчуп:60 г.:False,виски:60 мл.:False,соевый соус:2 ст.л.:False,мёд:2 ст.л.:False,горчица:1 ч.л.:False,вустерский соус:1 ч.л.:False,мука:4 ст.л.:False,масло сливочное:4 ст.л.:False,стаут:120 мл.:False,молоко:120 мл.:False,чеддер:240 г.:False,соль:по вкусу:False,перец чёрный молотый:по вкусу:False,булочки для бургеров:4 шт.:False,фарш говяжий:700 г.:False,сыр с голубой плесенью:120 г.:True;горячее,говядина,ужин,мясное
паприкаш из курицы по-венгерски;40;Венгерский паприкаш - разновидность традиционного блюда, "паприкаш" означает способ приготовления мясной подливы с большим количеством паприки и сметаной. Лук репчатый очистим и нарежем мелким кубиком. В кастрюле с толстым дном разогреем растительное масло. Добавим сладкую красную молотую паприку и затем выложим в кастрюлю лук. Обжариваем лук минуты 3-4, пока он не станет прозрачным. Куриное филе нарежем крупным кубиком. Добавим куриное филе в кастрюлю. Обжариваем его с луком минут 6-7, чтобы мясо подрумянилось слегка, не зажарилось! Добавим соль по вкусу. Теперь добавим в блюдо муку. Выложим сметану. Заливаем мясо водой или мясным бульоном. Бульон должен полностью покрыть мясо. Тушим содержимое кастрюли минут 7-8, пока соус не закипит. Помидор нарежем мелким кубиком. Перец болгарский очистим от семян и нарежем тонкой соломкой. Добавляем овощи в кастрюлю и готовим паприкаш на минимальном огне минут 20. Готовый венгерский паприкаш с курицей подаем порционно с отварными макаронными изделиями или с галушками.;курица(филе):1 шт.:False,перец сладкий:1 шт.:False,томат:1 шт.:False,лук репчатый:1 шт.:False,мука:1 ст.л.:False,сметана:1 ст.л.:False,соль:по вкусу:False,перец чёрный молотый:по вкусу:False,масло растительное:1 ст.л.:False;горячее,курица,ужин,обед
кабачковые сэндвичи с сыром;40;Нарезаем кабачки на тонкие полоски одинаковой толщины. Полоски сыра нарезаем по размеру полосок кабачка. Поскольку сэндвич у нас будет состоять из двух полосок кабачка и одной полоски сыра, то сыра должно быть вполовину меньше, чем кабачков. Полоски кабачков выкладываем в миску и посыпаем крупной солью. Оставляем кабачки в соли на 30 минут. В миске взбиваем венчиком 2 куриных яйца. Добавляем немного соли и черного молотого перца. Перемешиваем все еще раз. Отжимаем кабачки от выделившейся жидкости и промокаем каждую полоску кабачка бумажными салфетками. На полоску кабачка кладем полоску сыра. Накрываем сыр второй полоской кабачка. Проделываем так со всеми полосками кабачка и сыра. Подготовим кляр и муку. Сначала обваливаем каждый сэндвич в муке. Затем окунаем сэндвичи в яйцо. Выкладываем сэндвичи на противень, предварительно смазав его растительным маслом. Отправляем противень в разогретую до 180 градусов С духовку на 20 минут.;кабачок:2 шт.:False,яйцо:2 шт.:False,сыр:2-3 полоски:False,мука:3-4 ст.л.:False,соль:по вкусу:False,перец чёрный молотый:по вкусу:False;перекус,овощи
картошка-гармошка с беконом;30;Включите заранее духовку. Помойте картофель, нарежьте гармошкой. Слайсами порежьте сыр и 250 гр. бекона, зелень измельчите. Оставшиеся 100 гр. бекона нарежьте мелкими кубиками. Подготовленный картофель посолите, добавьте специи по вкусу, сбрызните маслом. В каждый второй надрез положите слайс бекона. Остальные надрезы оставьте пустыми. Позже в них будет закладываться сыр. Приготовьте все заготовки. Застелите противень фольгой, выложите на него заготовки и отправьте выпекаться. Поскольку картофель открыт, сделайте температуру 200 градусов. Тем временем приготовьте соус. Обжарьте кубики бекона. В сметану добавьте соли и измельченной зелени. Для вкуса можно добавить 2-3 зубка чеснока, хорошо вымешать. Когда картофель практически готов, достаньте противень и положите в пустые надрезы сыр. Пеките еще 10 минут. Готовый картофель гармошкой подавайте с соусом из сметаны и поджаренными кубиками бекона.;картофель:1 кг.:False,сыр:250 гр.:False,бекон:350 гр.:False,соль:по вкусу:False,масло растительное:3 ст.л.:False,сметана:200 гр.:False,зелень:по вкусу:True;мясное,горячее,ужин
куриные рулетики;50;Отделите бедрышко от ножки. Снимите с них кожу. Сделайте надрезы с одной стороны куриной мякоти и срежьте мясо так, чтобы получились вот такие полоски мяса. Полоску мяса, срезанную с бедра, разрежьте еще пополам вдоль. В итоге, с двух окорочков у нас получится 6 полосок куриного филе. Мясо посыпаем солью и перцем, добавляем копченую паприку и хорошо со всех сторон обваливаем в специях. Выложить полоску бекона на разделочную доску. Немного отступив от краев, выложить полоску куриного филе на бекон. Болгарский перец нарезать полосками. Моцареллу извлечь из упаковки, промокнуть жидкость салфеткой и нарезать сыр брусочками. Выложить пару полосок перца и брусок моцареллы на куриное филе. Скрутить рулетик. Края бекона закрепить деревянными шпажками. Проделать процедуру со всеми кусками мяса, бекона и начинкой. Выложить готовые рулетики на противень. Отправить противень с куриными рулетиками в разогретую до 180 градусов С духовку на 25-30 минут.;бекон:6-7 полосок:False,курица(бедра):2 шт.:False,перец сладкий:1 шт.:False,моцарелла:1 шарик:False,паприка копченая:0.5 ч.л.:True,соль:по вкусу:False,перец чёрный молотый:по вкусу:False;курица,ужин,горячее
картофельные шарики;120;Для приготовления картофельных шариков из пюре с сыром подготовьте ингредиенты по списку. Залейте картофель холодной водой, добавьте 1-2 щепотки соли, доведите воду до кипения и отварите картофель до готовности. Затем горячую воду слейте и слегка охладите картофель. Очистите картофель от кожуры и разомните до состояния однородного пюре. Мелко нарежьте чеснок и обжарьте на небольшом огне в небольшом количестве растительного масла до золотистого цвета. В качестве альтернативы чеснок можно обернуть фольгой и запечь в духовке до мягкости. Добавьте к картофельному пюре поджаренный чеснок, нарезанный зеленый лук, немного соли, 1 ст.л. растительного или сливочного масла и молотый черный перец по вкусу. Хорошо все перемешайте, а затем полностью охладите пюре. Для приготовления картофельных шариков также подойдет и вчерашнее картофельное пюре. Измельчите крекеры до состояния мелкой крошки. Добавьте к крекерной крошке натертый сыр, немного паприки, хмели-сунели, соль и молотый черный перец по вкусу. Хорошо все перемешайте. В отдельную емкость разбейте куриное яйцо. Слегка взбейте куриное яйцо вилкой, до получения однородной массы. Смоченными в воде руками сформируйте из охлаждённого картофельного пюре небольшие шарики. Если используете для приготовления шариков картофельное пюре, которому не хватает вязкости, добавьте в пюре немного пшеничной муки. Каждый картофельный шарик окуните поочередно в муку и взбитое яйцо, а затем обваляйте в подготовленной панировке из измельченных крекеров. Выложите картофельные шарики с сыром на лист пекарской бумаги, смазанный растительным маслом. Поместите в разогретую до 200-225 градусов духовку и выпекайте 15 минут до золотистого цвета. В процессе приготовления картофельные шарики из пюре могут слегка увеличиться в размере, и как следствие - их панировка может слегка потрескаться, а сами шарики - слегка деформироваться, но на их замечательном вкусе это негативно не сказывается.;картофель:1 кг.:False,лук зелёный:0.5 пучка:False,чеснок:0.5 головки:True,масло растительное:1 ст.л.:False,соль:по вкусу:False,перец чёрный молотый:по вкусу:False,яйцо:1-2 шт.:False,крекеры:100 г.:False,сыр:50 г.:False,паприка:по вкусу:True,хмели-сунели:по вкусу:True,мука:по необходимости:True;горячее,овощи,закуска
хлебцы из кабачков;40;Натрите кабачки на терке с самым маленьким размером ячейки. Добавьте 2 щепотки соли, перемешайте и оставьте на 10-15 минут. Затем тщательно отожмите кабачки и слейте весь выделившийся сок. Чем больше получится отжать сока, тем лучше. Добавьте к кабачкам яйца (2 крупных или 3 небольшого размера), мелко нарезанный зеленый лук и чеснок, хмели-сунели (или смесь итальянских трав) и молотый черный перец. Тщательно все перемешайте. Добавляя по 1 ст.л., вмешайте в смесь просеянную пшеничную муку. Муки добавляйте ровно столько, чтобы смесь загустела до состояния, когда «корж» сможет сохранять заданную ему форму, не растекаясь по противню. Попробуйте готовую смесь и при необходимости добавьте еще немного соли по вкусу. Выстелите противень антипригарной бумагой для запекания. Смажьте бумагу тонким слоем растительного масла. Выложите кабачковую массу на противень и разровняйте до толщины примерно 1-1.5 см. Получившийся корж поместите в разогретую до 225 градусов духовку и выпекайте 25-30 минут, пока корж не подсохнет по краям и его поверхность не подрумянится. Затем присыпьте корж натертым сыром. Особенно эффектным на вкус получается сочетание твердого сыра и моцареллы, в равных пропорциях (примерно по 125 граммов). Уменьшите температуру до 180 градусов, поместите корж в духовку и выпекайте еще 10-12 минут, для того чтобы сыр расплавился. Готовый корж присыпьте 2-3 щепотками нарезанной петрушки. Разрежьте корж на порционные кусочки желаемого размера и подавайте к столу, дополнив по желанию томатным соусом.;кабачок:800 г.:False,сыр:200-250 г.:False,яйцо:2-3 шт.:False,мука:50-80 г.:False,лук зелёный:15-20 г.:True,чеснок:2 зубчика:True,масло растительное:1 ч.л.:False,хмели-сунели:1 ч.л.:True,соль:по вкусу:False,перец чёрный молотый:по вкусу:False,петрушка:для подачи:True;перекус,овощи
лазанья;120;Для начала подготовим соус. Нарежем мелкими кубиками 1 небольшую морковь, 1 луковицу и 1 стебель сельдерея. В сковороду наливаем немного растительного масла. Кладем лук, жарим до полупрозрачности, добавляем морковь и сельдерей, жарим еще се вместе 1-2 минуты. Добавляем 500 грамм фарша любого, у меня смешанный и стараемся его разбить лопаткой как можно мельче. Жарим минут 5-7. Теперь добавляем томатную пасту 2 ст.л., но лучше всего добавить томаты в собственном соку 250 мл или свежие помидоры. Добавляем половину ч.л. соли, лавровый лист, черный перец. Перемешиваем и теперь вливаем 500мл воды, огонь убавляем до минимального, закрываем крышкой и готовим до испарения жидкости. По времени занимает 1-1,5 часа, за это время фарш превращается в нежнейший, благодаря чему лазанья получится еще вкуснее. Снимаем с огня, как жидкость практически испарится. Параллельно приготовим соус бешамель. Подогреем 900 мл молока, примерно до 80 градусов, но не доводим до кипения. Берем кастрюлю кладем 50 грамм сливочного масла, вливаем 2 ст.л. растительного масла, как масло растопится добавляем 50 грамм муки, или 2 ст.л. Перемешиваем с маслом и прожарим примерно 1 минуту, теперь постепенно добавляем молоко, и постоянно помешиваем, чтобы не было комочков. Как масса начнет густеть добавляем соль 1/2ч.л., черный перец и мускатный орех. Провариваем еще примерно 1-2 минуты и снимаем с огня. Теперь, когда все подготовили натрем 300 грамм сыра, я беру классический сыр. Натрем его на крупной терке и отставим в сторонку. Мясной соус разделим на 3 части. Листы лазаньи я беру уже готовые, листы отваривать не нужно. Берем противень, такой, чтобы в него входили листы. На дно кладем соус бешамель, далее листы лазаньи, кладем мясной соус, затем бешамель, посыпаем сыром, поливаем соусом, кладем листы лазаньи. И продолжаем все тоже самое, мясной соус, затем молочный, затем посыпаем сыром, поливаем немного соусом и кладем листы лазаньи. В итоги должно получиться 4 слоя листов лазаньи. Верхний слой заливаем оставшимся соусом бешамель и щедро посыпаем тертым сыром. Оставим постоять минут 5-10, за это время прогреем духовку. Прошло 10 минут, ставим в разогретую духовку и готовим при 200 градусах 30 минут. Листы за это время впитаю в себя жидкость и станут мягкими, сыр расплавится и начнет румянится. Вынимаем из духовки, даем постоять минут 10 и разрезаем на порционные кусочки.;листы лазаньи:8шт.:False,сыр:300гр.:False,морковь:1шт.:False,лук репчатый:1шт.:False,сельдерей:1шт.:True,фарш:500гр.:False,томатная паста:2ст.л.:False,масло растительное:6ст.л.:False,вода:500мл.:False,соль:1ч.л.:False,перец чёрный молотый:по вкусу:False,лавровый лист:1шт.:True,молоко:900мл.:False,масло сливочное:50гр.:False,мука:50гр.:False,орех мускатный:по вкусу:True;горячее,мясное,ужин
банановые маффины;30;Подогрейте духовку до 180 градусов и приготовьте форму для выпекания маффинов с 12 ячейками, слегка сбрызнув ее кулинарным спреем или смазав маслом. В большой миске тщательно разомните бананы вилкой. Добавьте к банановому пюре растительное масло или постный маргарин и сахар, затем перемешайте ингредиенты. В отдельной миске смешайте просеянную муку, соль и пищевую соду до однородной массы. Соедините мучную смесь с банановым пюре и аккуратно перемешайте ингредиенты. Банановое тесто для выпечки маффинов готово. Добавьте к подготовленному банановому тесту нарезанные грецкие орехи, аккуратно перемешайте. Кроме того, можете посыпать измельченные орехи сверху каждого порционного маффина перед выпечкой. Аккуратно выложите банановое тесто в смазанную форму для выпечки, заполняя каждую ячейку примерно на 2/3. При желании перед выпечкой сверху посыпьте маффины сахаром. Выпекайте банановые маффины в разогретой духовке около 25 минут, проверьте готовность кексов с помощью зубочистки. Готовые банановые маффины подавайте теплыми или охлажденными.;банан:50 мл.:False,масло растительное:180 г.:False,сахар:260 г.:False,мука:1 ч.л.:False,соль:1 ч.л.:False,сода:120 г.:False,орех грецкий:2 ст.л.:True;сладкое,выпечка,фрукты
куриные котлеты;25;В среднюю миску поместите куриный фарш. Добавьте тертый сыр и мелко нарезанный зеленый лук. Затем в миску выложите майонез, приправьте фарш солью и молотым черным перцем, все хорошенечко перемешайте. Разделите приготовленную куриную смесь на 8 равных частей и сформируйте из них котлетки. Используя открытый гриль или домашнюю сковороду-гриль, обжаривайте котлеты примерно по 5 минут с каждой стороны до полной готовности. Пока куриные котлетки обжариваются, приготовьте ароматную сальсу из авокадо и кукурузы. В средней миске смешайте нарезанное авокадо, кукурузу, измельченную кинзу, лаймовый сок, оливковое масло, приправьте ингредиенты солью и молотым черным перцем по вкусу.;фарш куриный:700 г.:False,лук зелёный:2 пера:False,сыр:120 г.:False,майонез:50 г.:False,соль:1/2 ч.л.:False,перец чёрный молотый:по вкусу:True;курица,горячее,ужин
луковые кольца;40;Луковицы нарежьте кружочками толщиной 1 см и осторожно разберите на кольца, стараясь не повредить их целостность. Муку тщательно перемешайте в миске с 1,5 ч.л. соли и разрыхлителем. Подготовленные луковые кольца порциями обваляйте в получившейся смеси, лишнее стряхните. Взбейте сырые яйца с молоком и добавьте мучную смесь,  перемешайте до однородности. Окунайте луковые кольца в яично-мучную смесь и выкладывайте на решетку, чтобы стекло лишнее. В кастрюлю или сотейник налейте растительное масло без запаха и разогрейте его до 180 градусов, используя для контроля температуры кулинарный термометр. Кольца в кляре обваляйте в панировочных сухарях. Жарьте луковые кольца во фритюре до золотисто-коричневой корочки с обеих сторон, в течение 2-3-х минут. Готовые хрустящие луковые кольца поместите на бумажные полотенца для удаления лишнего жира.;лук репчатый:2 шт.:False,мука:2 стакана:False,сухари панировочные:2 стакана:False,молоко:400 мл.:False,яйцо:2 шт.:False,разрыхлитель:2 ст.л.:True,паприка:по вкусу:True,перец чёрный молотый:по вкусу:True,соль:по вкусу:True,масло растительное:для жарки:False;перекус,закуска,овощи
шоколадный пирог на пиве;60;Подготовьте ингредиенты. Разогрейте духовку до 180 градусов. Смажьте маслом противень для запекания пирога размером 20х30 см. В средней миске смешайте сухие ингредиенты: просеянную муку, пищевую соду и соль. В чаше кухонного комбайна или с помощью блендера взбейте сливочное масло и сахар до пышной и воздушной консистенции. Добавьте к взбитой смеси яйца, растопленный шоколад и ванильный экстракт. К полученной шоколадной смеси добавьте смесь сухих ингредиентов, затем темное пиво, кефир и вишневый сироп. Тщательно перемешайте. В шоколадное тесто добавьте нарезанные коктейльные вишни и грецкие орехи. Влейте готовое тесто на смазанный противень. Выпекайте шоколадный пирог около 35-40 минут, проверьте готовность выпечки с помощью зубочистки. Готовый шоколадный пирог полностью охладите перед нанесением шоколадной глазури. Приготовьте шоколадную глазурь для украшения пирога: в большой миске смешайте какао-порошок, сливочное масло, кукурузный сироп, темное пиво, ванильный экстракт и соль. Добавьте к смеси сахарную пудру и взбейте до однородной консистенции. Равномерно распределите шоколадную глазурь поверх пирога.;мука:400 г.:False,сода:2 ч.л:False,соль:1/2 ч.л.:False,масло сливочное:150г.:False,сахар:350 г.:False,яйцо:2 шт.:False,шоколад:60 г.:False,ваниль:1/2 ч.л.:True,пиво тёмное:200 мл.:False,кефир:150 мл.:False,вишня:300 г.:True,орех грецкий:100 г.:True;выпечка,сладкое
свинина в горшочке;60;Разморозить тесто. Нарезать мясо небольшими кусочками, а лук и подготовленный сладкий перец — кубиками. Шампиньоны нарезать тонкими ломтиками, чернослив — полосками. Петрушку нарубить, чеснок измельчить. Разогреть масло в сотейнике, обжарить лук, чеснок и сладкий перец. Добавить грибы, мясо и подержать на огне еще 7 минут. Разложить по горшочкам на 4 персоны. В каждый насыпать немного зелени, положить чернослив и залить горячими сливками. Края горшочков смазать жиром. Духовку разогреть до 200°С. Разрезать тесто на квадраты и накрыть ими горшочки, верх смазать взбитым яйцом, наколоть вилкой. Поставить в духовку на 40 минут.;слоеное тесто замороженное:1 пласт:False,свинина:500 г.:False,лук репчатый:2 шт.:False,чеснок:2 зубчика:True,перец сладкий:2 шт.:False,шампиньоны:200 г.:False,чернослив:70 г.:False,петрушка:50 г.:True,масло растительное:2 ст.л.:False,сливки:400 мл.:False,яйцо:1 шт.:False,соль:по вкусу:False,перец чёрный молотый:по вкусу:False;свинина,горячее,ужин,мясное,грибы
свинина по-кубински;30;Для соуса нарезать сладкий перец кубиками. Нарубить лук и чеснок. Разогреть в сотейнике 2 ст.л. растительного масла. Положить лук, чеснок, перец и жарить, помешивая, 5 минут. Далее влить к овощам бульон и соевый соус, довести до кипения и тушить на среднем огне 10 минут. Мясо вымыть, обсушить бумажным полотенцем, нарезать порционными кусками и отбить. В сковородке разогреть оставшееся растительное масло, и обжарить свинину с двух сторон до подрумянивания. Очистить бананы и нарезать их кружочками. Добавить в сковородку к мясу и жарить все вместе еще 5 минут. Готовое блюдо украсить базиликом. Соус подавать отдельно.;свинина:800 г.:False,перец сладкий:1 шт.:False,лук репчатый:1 шт.:False,чеснок:2 зубчика:True,масло растительное:4 ст.л.:False,бульон свиной:100 мл.:False,соевый соус:2 ст.л.:False,банан:2 шт.:False,базилик:7 шт.:True;горячее,свинина,ужин,мясное
свинина под французским соусом;30;Мясо вымыть, обсушить, натереть солью и специями. Обжарить на топленом масле до красивой корочки. Затем переложить свинину в форму и запекать при температуре 180°С около 15 минут. Затем посыпать мясо рубленной зеленью и томить еще 5 минут. Лук очистить, мелко порубить и обжарить на сливочном масле до полупрозрачности. Шампиньоны нарезать пластинками, сбрызнуть соком лимона. Добавить грибы к луку и жарить 5 минут, приправить солью и специями. В сковороду влить вино, после чего оставить на огне на 5 минут. Затем добавить сливки и тушить еще 5 минут. Мясо подавать на стол, предварительно полив соусом.;свинина:500 г.:False,масло сливочное:130 г.:False,зелень:50 г.:True,соль:по вкусу:False,перец чёрный молотый:по вкусу:False,лук репчатый:4 шт.:False,шампиньоны:400 г.:False,сок лимонный:2 ст.л.:False,вино белое сухое:100 мл.:False,сливки:200 мл.:False;горячее,свинина,ужин,мясное,грибы
стейк из говядины;20;Подготовим мясо: стейк солим крупной морской солью, добавляем дробленый перец, пару веточек тимьяна и розмарина, смазываем оливковым маслом. Оставлять мариноваться не нужно, сразу отправляем на раскаленную сковороду и жарим по 3 минуты с каждой стороны, переворачиваем и держим на огне еще по 2 минуты с каждой стороны. Пока стейк жарится, добавьте в сковороду еще по одной веточке розмарина и тимьяна — мясо напитается пряным ароматом. Теперь важный момент! Сразу после жарки положите на стейк 20 г сливочного масла и немедленно накройте крышкой: мясу нужно «отдохнуть», и тогда говядина порадует вас сочностью и лучшим вкусом.;говядина:200 гр.:False,перец чёрный молотый:по вкусу:False,масло растительное:2 ст.л.:False,тимьян:2 г.:True,розмарин:10 г.:True,масло сливочное:50 г.:False;мясное,горячее,ужин,говядина
ростбиф из говядины;100;Маринуем мясо. Необходимо натереть говядину смесью из соли, перца, трав и чеснока, накрыть пищевой пленкой и отправить в холодильник на 3 часа, а после оставить еще на 30 минут при комнатной температуре. Смажем подготовленное мясо растительным маслом и обжарим на раскаленной сковороде до образования корочки, как бы «запечатаем» его, чтобы сохранить весь сок внутри. Ставим говядину в предварительно разогретую до 180 градусов духовку на 45-55 минут. Когда ростбиф почти готов, примерно за 10 минут до окончания, добавим к нему томаты черри, сбрызнув их оливковым маслом. Проверяем готовность мяса: при прокалывании должен выделяться розовый сок. Важный момент: дайте мясу «отдохнуть» — заверните его в фольгу и оставьте на 20 минут, чтобы оно напиталось соком. Подавайте на стол с запеченными томатами черри или другими овощами. Ростбиф можно подавать как горячим блюдом, так и в виде холодной закуски.;говядина:1 кг.:False,томат:300 гр.:False,соль:по вкусу:False,перец чёрный молотый:по вкусу:False,тимьян:5 г.:True,розмарин:7 г.:True,чеснок:5 г.:True,масло растительное:40 гр.:False;говядина,мясное,ужин
кровавая мэри;5;Поместите в высокий стеклянный стакан кубики льда, а затем добавьте смесь всех жидких ингредиентов. Тщательно смешайте ингредиенты. Если у вас есть шейкер, воспользуйтесь им. Добавьте приправы и отрегулируйте их количество по вашему вкусу, снова перемешайте. При подаче готовый коктейль «Кровавая Мэри» украсьте долькой лимона, стеблем сельдерея или ломтиком маринованного огурца.;водка:45 мл.:False,сок томатный:90 мл.:False,сок лимонный:15 мл.:False,вустерский соус:по вкусу:True,соль:по вкусу:False,перец чёрный молотый:по вкусу:False,острый соус:по вкусу:False,огурец:для подачи:True,лимон:для подачи:True;напиток,овощи
ватрушки;120; Замочить изюм, промытый под краном до чистой воды. Через час воду можно поменять. Для сдобного теста нужно поставить опару, тогда ватрушки хорошо поднимутся и будут пористыми на разломе. Для приготовления опары смешать свежие дрожжи со столовой ложкой сахара. Воду, молоко смешать. Подогреть немного на водяной бане, чтобы температура не превышала 40 градусов, иначе дрожжи погибнут. Жидкость смешать с дрожжами. Всыпать несколько ложек муки и перемешать до однородности. Опара по густоте должна напоминать сметану. Миску поставить в теплое место. Как только дрожжи активизируются, образуются пузырьки. Опара немного увеличится в объеме. Пока опара поднимается, нужно оставить масло при комнатной температуре. Опару смешать с яйцами, размягченным сливочным маслом. Положить туда же остаток сахарного песка, соль, все перемешать. Муку просеять и понемногу добавлять в тесто. Как только оно достигнет достаточно густой консистенции (ориентироваться нужно именно на нее), его выкладывают на подпыленный мукой стол и начинают вымешивать. Эта процедура длится, в зависимости от количества и качества теста 10-20 минут. Готовое тесто нужно убрать в теплое место. Пока тесто подходит, необходимо сделать начинку. Творог протереть через сито или взбить погружным блендером. Добавить, сахар, половину взбитого яйца, размоченный и обсушенный изюм, сливочное масло, щепотку соли. Через 30-40 минут поднявшееся тесто нужно обмять и разделить на колобки, размером с теннисный мяч. Для ватрушек в тесте делают углубления, куда затем нужно поместить начинку. Ватрушки смазать оставшейся половиной взбитого яйца, разведенного 3 столовыми ложками молока. Выпекать в духовке при температуре 200 градусов. Готовые горячие ватрушки нужно смазать сливочным маслом.;мука:400 г.:False,вода:1/2 стакана:False,молоко:1/2 стакана:False,дрожжи свежие:30 г.:False,яйцо:3 шт.:False,масло сливочное:150 г.:False,сахар:160 г.:False,соль:1/2 ч.л.:False,творог:500 г.:False,изюм:0.5 стакана:True;выпечка,сладкое
канадский путин;60;В средней кастрюле на небольшом огне растопите сливочное масло. Вмешайте муку в масло и готовьте, постоянно помешивая, до золотистого цвета, около 2-х минут. Постепенно влейте в кастрюлю говяжий и куриный бульон, перемешайте все ингредиенты до однородной массы. Добавьте рыбный и соевый соус, доведите до кипения, затем снизьте огонь и готовьте ароматный бульон в течение 10-15 минут. Снимите ароматную заправку с огня, добавьте рисовый уксус и приправьте соус солью. Поместите картофель фри в неглубокую миску, сверху щедро посыпьте сыром и заправьте приготовленной горячей ароматной подливкой. Подавайте канадский путин сразу же после приготовления.;картофель:фри - 1 кг.:False,сыр:350 г.:False,бульон говяжий:400 г.:False,бульон куриный:200 г.:False,масло сливочное:50 г.:False,мука:20 г.:False,уксус:2 ч.л.:False,соус рыбный:2 ч.л.:False,соевый соус:2 ч.л.:False,соль:по вкусу:False;перекус,овощи
каша рисовая;30;В сотейнике смешайте сливки с молоком и цедрой, снятой с половины апельсина. Стручок ванили разрежьте вдоль, соскребите ножом внутренности и вместе со шкуркой бросьте их в молоко со сливками. Доведите до кипения, засыпьте рис, уменьшите огонь и, периодически помешивая, варите до готовности (на это уйдет 15–18 минут). Помешивать обязательно, потому что рис иначе станет опускаться на дно и пригорать. Как только рис будет готов, вмешайте сгущенное молоко, вытащите ваниль и снимите с огня. Дайте каше чуть остыть, положите кусочек сливочного масла, чуть перемешайте и подавайте. Сверху можно выложить дольки апельсина, очищенные от шкурки и пленок.;молоко:340 мл.:False,сливки:160 мл.:False,рис:60 г.:False,масло сливочное:40 г.:True,молоко сгущеное:120 г.:False,ваниль:по вкусу:True,апельсин:1 шт.:True;завтрак,каша
гурьевская каша;40;Чернику смешайте с сахаром, оставьте на несколько часов. Отварите манную кашу на сливках с добавлением ванили. Сухофрукты мелко нарубите. Молоко налейте в широкую кастрюлю и поставьте в разогретую до 160 градусов духовку. Томите до тех пор, пока не появится пенка. Снимите ее шумовкой и переложите на плоское блюдо. Так же приготовьте еще 4 пенки. На дно кастрюли выложите слой черники. Затем — слой манки. Следующий слой — сухофрукты, затем пенку и затем снова чернику и так далее. Последний слой каши засыпьте сахарным песком по вкусу. Поставьте форму в духовку и готовьте до образования на поверхности карамели при 170 градусах. Выньте форму из духовки. Кашу украсьте сухофруктами.;крупа манная:200 г.:False,черника:200 г.:True,сахар:100 г.:False,сливки:400 мл.:True,молоко:600 мл.:False,сухофрукты:100 г.:True;завтрак,каша
луковый суп;60;В большой толстостенной кастрюле растопите сливочное масло и отправьте туда лук, нарезанный полукольцами. Обжарьте, помешивая, пока он не станет прозрачным. Сделайте огонь потише и продолжайте жарить лук, время от времени помешивая и следя, чтобы он не подгорал. Цель — добиться карамельного оттенка лука и не пережаренной, а мягкой, почти невесомой консистенции. Слегка обжарьте на сухой сковороде муку. Как только мука начнет менять цвет и пахнуть жареным орехом, тут же всыпьте ее в кастрюлю с луком и тщательно вмешайте в лук. Теперь остается вылить в кастрюлю сначала вино, смешанное с сахаром, дать луку минуту покипеть вместе с вином, а потом разбавить их компанию бульоном (приготовить самостоятельно) или водой — по желанию. Доведите до кипения и варите на очень медленном огне 15–20 минут. Перемешайте и добавьте оставшуюся воду. Доведите до кипения, снимите накипь и варите на медленном огне 15 минут. Разложите куски багета на противне и посыпьте их тертым сыром. Поставьте в духовку на 3–4 минуты, чтобы сыр расплавился и слегка подрумянился. Подавайте суп в глубоких тарелках с плавающими и постепенно набухающими гренками.;масло сливочное:50 г.:False,лук репчатый:4 шт.:False,мука:1 ст.л.:False,вино белое сухое:200 мл.:False,сахар:1 ч.л.:False,бульон куриный:1.5 мл.:False,багет:1 шт.:False,сыр грюйер:150 г.:False,соль:по вкусу:False,перец чёрный молотый:по вкусу:False;суп,обед,овощи
зразы;20;Вначале приготовьте картофельную массу. Для этого очищенный картофель сварите, обсушите, протрите горячим. Затем охладите до 40–50 градусов, вбейте яйцо и хорошо перемешайте. Для фарша репчатый лук нарежьте соломкой, пассеруйте и соедините с рублеными яйцами, нарезанной зеленью петрушки, солью и молотым перцем. Картофельной массе придайте форму лепешки, на середину положите фарш, соедините края и панируйте в сухарях, придавая форму кирпичика с овальными краями. Подготовленный полуфабрикат положите на разогретый с жиром противень, обжарьте с обеих сторон и доведите до готовности в жарочном шкафу. Зразы положите на тарелку или порционное блюдо, полейте сливочным маслом или маргарином. Сметану или соусы (томатный, сметанный, грибной) подавайте отдельно или подлейте на блюдо. Подавайте по две штуки на порцию.;картофель:1 кг.:False,масло сливочное:35 г.:False,сухари панировочные:100 г.:False,лук репчатый:200 г.:False,яйцо:3 шт.:False,петрушка:30 г.:True,масло растительное:50 мл.:False,сметана:по вкусу:True,соль:по вкусу:False,перец чёрный молотый:по вкусу:False;ужин,горячее,овощи
запеканка с грибами;60;Картофель очистите, крупно нарежьте и отварите до мягкости в подсоленной воде. Нарежьте лук мелкими кубиками. Грибы нарежьте тонкими ломтиками. В сковороде разогрейте растительное масло и обжарьте на нем лук до золотистого цвета. Добавьте к луку грибы и жарьте, помешивая, 15 минут. Посолите и поперчите. В конце жарки добавьте к грибам мелко нарубленный укроп и чеснок, выдавленный через пресс. Перемешайте, жарьте еще 30 секунд и снимите с огня. Готовый горячий картофель разомните в пюре со сливочным маслом. Добавьте к пюре молоко и яйца. Перемешайте до однородной консистенции. Посолите при необходимости. На дно формы для выпечки высыпьте половину панировочных сухарей, на них выложите половину картофельной массы. На картофель ровным слоем выложите грибную начинку и закройте все оставшимся пюре. Посыпьте запеканку оставшимися сухарями, сбрызните растительным маслом и отправьте в духовку, разогретую до 200 градусов, на 30–40 минут или пока верх запеканки не станет приятного золотистого цвета.;картофель:1 кг.:False,шампиньоны:400 г.:False,лук репчатый: 1 шт.:False,чеснок:2 зубчика:False,яйцо:2 шт.:False,молоко:250 мл.:False,масло сливочное:80 г.:False,укроп:15 г.:True,сухари панировочные:60 г.:False,масло растительное:50 мл.:False,соль:по вкусу:False,перец чёрный молотый:по вкусу:False;горячее,ужин,грибы
запеканка с копченой рыбой;60;Морковь очистите и отварите. Остудите и натрите на крупной терке. Творог измельчите в блендере в однородную массу. Петрушку мелко нарежьте. Рыбу тщательно очистите от костей и разберите на небольшие сегменты. У яиц отделите белки от желтков. Желтки разотрите с творогом, белки взбейте в пышную массу. Добавьте в творог манку и разрыхлитель, хорошо вымесите. Добавьте в творожную массу 2 столовые ложки оливкового масла, зелень, тертую морковь и кусочки рыбы. Перемешайте. Аккуратно вмешайте лопаткой в творожную массу взбитые белки. Посолите, поперчите. Смажьте оставшимся оливковым маслом форму для запекания, выложите в нее творожную массу и отправьте в разогретую до 180 градусов духовку на 25–30 минут. Достаньте из духовки, присыпьте тертым сыром и верните в духовку еще на 10 минут. Подавайте запеканку теплой или холодной.;творог:500 г.:False,рыба горячего копчения:100 г.:False,яйцо:3 шт.:False,сыр:30 г.:False,крупа манная:5 ст.л.:False,разрыхлитель:1 ч.л.:True,петрушка:пучок:True,масло растительное:3 ст.л.:False,соль:по вкусу:False,перец чёрный молотый:по вкусу:False;горячее,рыба,ужин
треска по-ленинградски;30;Рыбу нарежьте на порционные куски, посолите и поперчите и пока отложите в сторону. Лук нашинкуйте колечками толщиной 4-5 мм и разберите на отдельные целые колечки. Посолите лук и пока отложите его в сторону. Этот прием позволяет вытянуть из луковых колечек влагу. Тогда их проще запанировать в муке. Картофель очистите и отварите в подсоленной воде до полуготовности. Затем остудите его немного и нарежьте кружками толщиной 4-5 мм. Лук обваляйте в муке и обжарьте во фритюре до золотистого колера. Рыбу обсушите бумажными полотенцами и запанируйте в муке. Обжарьте рыбу на хорошо разогретой сковороде до яркого зарумянивания со всех сторон. Картофель обжарьте в обеих сторон до румяной корочки. В форму для запекания уложите кусочки рыбы и отложите их картофелем. Выложите на рыбу и на картофель луковые кольца и поставьте форму в разогретый до 180 ºС духовой шкаф на 12 минут. Готовую рыбу по-ленинградски подавайте украсив зеленью петрушки, маслинами и соленьями.;треска:600 г.:False,картофель:700 г.:False,лук репчатый:200 г.:False,мука:для панировки:True,масло растительное:для жарки:False,соль:по вкусу:False,перец чёрный молотый:по вкусу:False;горячее,рыба,ужин
рыба по-московски;30;Картофель очистить от кожицы и нарезать кружками. Каждый картофельный ломтик нужно обжарить в растительном масле со обеих сторон до зарумянивания. Рыбное филе посолить и поперчить и обвалять в муке. Обжарить рыбу в раскаленном растительном масле до румяной корочки. На сухой сковороде обжарить шампиньоны, нарезанные дольками. Как только из грибов выпарится лишняя вода, добавьте в грибы немного растительного масла, посолите их, поперчите и жарьте до зарумянивания. Готовые грибы переложите на отдельную тарелку. Репчатый лук нарежьте полукольцами и обжарьте на растительном масле до зарумянивания. Сыр натрите на терке. В сковороде растопите сливочное масло и обжарьте в нем муку 15 г. Добавьте половину сметаны и все хорошо перемешайте, объединив сметану с мукой. Добавьте оставшуюся сметану, посолите и поперчите и доведите соус до закипания, постоянно его помешивая. Как только соус закипит, снимите его с огня. В форму для запекания выложите половину сметанного соуса. В центр формы выложите рыбу. На нее выложите обжаренные грибы. Обложите рыбу со всех сторон обжаренным картофелем. Сверху уложите обжаренный лук и залейте все оставшимся соусом. Присыпьте блюдо натертым сыром и поставьте его в духовку. Запекайте в разогретой до 180 ºС духовке около 15 минут. Как только сыр расплавится и покроется румяной корочкой вынимайте блюдо из духовки. Готовую рыбу по-московски подавайте посыпав рубленной петрушкой.;рыба белая:600 г.:False,картофель:600 г.:False,шампиньоны:200 г.:False,лук репчатый:200 г.:False,сметана:300 г.:False,сыр:60 г.:False,масло сливочное:50 г.:False,мука:15 г.:False,петрушка:20 г.:True,соль:по вкусу:False,перец чёрный молотый:по вкусу:False;рыба,горячее,ужин,грибы
минтай по-сахалински;40;Рыбу нарежьте порционные кусками, сбрызните лимонным соком, посолите и поперчите и дайте промариноваться минут 20-30. Лук нарежьте четвертькольцами, чеснок мелко нарубите. Подготовьте кастрюлю с толстым дном или сковородку. Вложите на дно немного лука и часть сливочного масла. На лук уложите кусочки рыбы и присыпьте их снова луком и чесноком. Так же добавьте немного сливочного масла и уложите поверх снова рыбу. Выложите оставшийся лук, чеснок и сливочное масло. Накройте кастрюлю крышкой и поставьте рыбу на самый маленький огонь. Томите рыбу в кастрюле около часа. Снимите кастрюлю с огня и добавьте к рыбе измельченную петрушку и укроп. Дайте рыбе настояться минут 20 и подавайте к столу. На гарнир можете подать отварной картофель или рис. Можно подать качественный свежий хлеб и соленья. Это действительно очень вкусно.;минтай:1.5 кг.:False,лук репчатый:600 г.:False,чеснок:30 г.:True,масло сливочное:100 г.:True,уксус:15 мл.:True,соль:по вкусу:False,перец чёрный молотый:по вкусу:False;горячее,ужин,рыба
биточки из рыбы;30;Очисти рыбу, очень мелко нарежь и сложи в миску. Добавь рубленый зеленый лук и взбитые яйца, приправь рыбный фарш и перемешай с мукой. Выкладывай биточки ложкой на разогретую сковороду.;рыба:500 г.:False,яйцо:3 шт.:False,мука:3 ст.л.:False,лук зелёный:пучок:True,специи:по вкусу:True;рыба,горячее,ужин
татарский салат;20;С вечера готовим морковь по-корейски и свеклу по-корейски. Делаем картофель пай (ссылка на рецепт чуть выше) или картофель фри. Их также можно найти на рынке, ищите пачки а названием "картофельная соломка" или что-то вроде того. Капусту можно использовать свежую или квашеную - вкусно и так, и так. Мясо желательно брать не жирное. Подойдет нежная и мягкая подкопченная  ветчина, копченая (но не вяленая) говядина, курица или свиная корейка без сала. Капусту шинкуем, мясо нарезаем тонкой соломкой за несколько часов до начала застолья. Затем можно завернуть их по отдельности в пищевую пленку и убрать в холодильник. Подается салат на блюде, все ингредиенты выкладываются порциями как на фото. Емкость с заправкой выставляется в центр блюда. Заправлять салат лучше майонезом. Сразу смешивать все ингредиенты не нужно. Во-первых, так выглядит намного аппетитнее, а во-вторых, картофель быстро размякнет. Удобно блюдо ставить сразу на глубокий салатник. Затем, когда все будут сидеть за столом, останется просто пересыпать все в салатник и смешать. Обещаю, все гости будут в восторге от такого угощения. К тому же, блюдо получается довольно легким, ведь капуста, морковь и свекла почти сырые.;говядина копченая:400 г.:False,морковь по-корейски:200 г.:False,свёкла по-корейски:200 г.:False,капуста:400 г.:False,картофель:200 г.:False,майонез:4 ст.л.:False,зелень:для украшения:True;салат,говядина,обед
салат подсолнух;30;Отвариваем вкрутую яйца (10 минут с момента закипания). Обжариваем на растительном масле промытые и нарезанные шампиньоны около 15 минут. Все остальные ингредиенты нарезаем небольшими кубиками и начинаем выкладывать слоями. Тарелку лучше взять большого диаметра, чтоб поместились и лепестки подсолнуха. Выкладываем куриное филе и лук. Выкладываем грибочки. Они пустили сок на сковороде, так что салат не будет сухим. Если же грибы суховатые, можно предыдущий слой смазать майонезом. Затем выкладываем тертые на крупной терке яйца и хорошенько смазываем майонезом. Сверху натираем на крупной терке сыр. Разравниваем руками, придаем салату округлую форму. В завершении украшаем половинками маслин без косточек, начинаем их выкладывать по кругу от центра. Добавляем лепестки из чипсов.;курица копченая:400 г.:False,шампиньоны:400 г.:False,сыр:300 г.:False,яйцо:3 шт.:False,лук репчатый:1 шт.:False,маслины:0.5 л.:False,чипсы:пачка:False,зелень:для подачи:True;салат,грибы,обед
салат мимоза;30;Яйца отварите вкрутую за 10 минут, картофель и морковь — до готовности. Отдельно натрите на мелкой или средней тёрке белки, желтки, картошку и морковь. Лук нарежьте небольшими кусочками и на пару минут залейте кипятком, после промойте холодной водой. Консервы разомните вилкой и удалите крупные кости. На дно салатника положите немного картошки. Дальше выкладывайте по очереди рыбу, лук, оставшуюся картошку, морковь и белки. После каждого слоя смазывайте майонезом или наносите сеточку из него. Сверху посыпьте желтками. Перед подачей оставьте на пару часов в холодильнике.;яйцо:4 шт.:False,картофель:4 шт.:False,морковь:2 шт.:False,лук репчатый:1 шт.:False,рыбные консервы:250 г.:False,майонез:для заправки:False;салат,обед,рыба
салат гранатовый браслет;30;Яйца отварите вкрутую за 10 минут, курицу, свёклу, морковь и картофель — до готовности. Филе мелко нарежьте. Овощи и яйца натрите на крупной тёрке. Орехи и лук измельчите. Из граната достаньте зёрна. В центр тарелки поставьте стакан. Вокруг него выкладывайте слоями картошку, половину свёклы, морковь, орехи, половину куриного филе, лук, яйца, оставшееся мясо и свёклу. После каждого слоя, кроме орехового и лукового, наносите сеточку из майонеза или просто смазывайте пласты. Аккуратно вытащите стакан. Промажьте салат майонезом, в том числе и внутри кольца. Посыпьте гранатовыми зёрнами.;яйцо:2 шт.:False,курица:200 г.:False,свёкла:2 шт.:False,морковь:2 шт.:False,картофель:3 шт.:False,яйцо:2 шт.:False,орех грецкий:40 г.:False,лук маринованный:1 шт.:False,гранат:1 шт.:False,майонез:для заправки:False;салат,обед
салат с куриной печенью;30;В миске соедините апельсиновый сок и по одной чайной ложке мёда, бальзамического уксуса и оливкового масла. Добавьте соль и перец по вкусу, а затем перемешайте до однородной консистенции. Каждую печёнку промойте, очистите и разрежьте пополам. Посолите и поперчите по вкусу. В сковороде разогрейте оливковое масло и обжарьте кусочки до золотистой корочки. Добавьте остатки мёда и бальзамического уксуса. Как следует перемешайте и тушите ещё пару минут, пока не выпарится уксус. Разделите печень на порции и разложите по тарелкам. Добавьте промытый салат и крупно нарезанные дольки апельсина. Полейте соусом, украсьте семенами кунжута. Подавайте салат тёплым.;сок апельсина:2 ст.л.:False,мёд:2 ч.л.:False,масло растительное:2 ст.л.:False,соль:по вкусу:False,перец чёрный молотый:по вкусу:False,печень куриная:300 г.:False,зелёный салат:пучок:False,апельсин:1 шт.:False,кунжут:по вкусу:True;салат,обед
салат из баклажанов;180;Нарежьте баклажаны тонкой длинной соломкой, посолите и оставьте на полчаса. Порежьте перцы тонкой соломкой, а лук — полукольцами. Натрите морковь на тёрке для корейской моркови. Измельчите чеснок. Промойте баклажаны и бросьте на сковороду с разогретым маслом. Обжаривайте, периодически помешивая, около 10–15 минут. Выложите баклажаны и свежие овощи в миску для салата. Добавьте сахар, соевый соус, уксус и приправу для моркови. Тщательно перемешайте и поставьте на 2 часа в холодильник. Перед подачей посыпьте салат рубленой зеленью и кунжутом.;баклажан:2 шт.:False,соль:по вкусу:False,перец сладкий:2 шт.:False,лук репчатый:1 шт.:False,морковь:2 шт.:False,чеснок:4 зубчика:False,масло растительное:2 ст.л.:False,сахар:1 ч.л.:False,соевый соус:2 ст.л.:False,уксус:30 мл.:False,кинза:по вкусу:False,базилик:по вкусу:False,кунжут:1 ст.л.:True;салат,овощи,обед
салат с сёмгой;30;Отварите рис в подсоленной воде. Нарежьте сёмгу небольшими кубиками. Натрите твёрдый сыр на крупной тёрке и смешайте половину с творожным сыром. Добавьте две ложки майонеза и измельчённый укроп и перемешайте. Нарежьте авокадо небольшими кубиками и сбрызните лимонным соком, чтобы они не потемнели. Выложите салат слоями в следующем порядке: половина рыбы, рис, авокадо, творожная смесь, оставшаяся рыба, майонез и твёрдый сыр.;рис:50 г.:False,соль:по вкусу:False,сёмга слабосоленая:200 г.:False,сыр:60 г.:False,сыр творожный:100 г.:False,майонез:по вкусу:False,укроп:по вкусу:True,авокадо:1 шт.:False,лимон:1/2 шт.:False;салат,рыба,обед
салат из свёклы;60;Заверните неочищенную свёклу в фольгу и поместите в разогретую до 200 °C духовку на 45–50 минут. Дайте корнеплоду остыть, снимите кожицу и нарежьте небольшими кубиками. Так же поступите с курицей. Измельчите чеснок. Орехи мелко порубите, слегка обжарьте на сухой сковороде, а потом вместе с солью и майонезом добавьте к подготовленным ингредиентам и перемешайте.;свёкла:3 шт.:False,курица:400 г.:False,чеснок:3 зубчика:True,орех грецкий:65 г.:False,соль:по вкусу:False,майонез:для заправки:False;салат,курица,обед
салат из печени трески;30;Сварите картошку, яйца и морковь. Остудите, почистите, нарежьте кубиками среднего размера, посолите и поперчите. Четвертинку яйца оставьте для украшения. Мелко порубите зелёный лук, огурцы нашинкуйте соломкой. Из банки с печенью слейте масло в отдельную ёмкость. Разомните рыбу вилкой и добавьте 2 столовые ложки масла из консервов. На тарелку выложите салат слоями: картошка, печень трески, большую часть зелёного лука, огурцы и морковь. Каждый слой промазывайте сметаной. Сверху выложите яйца и остатки лука.;картофель:3 шт.:False,яйцо:3 шт.:False,морковь:2 шт.:False,соль:по вкусу:False,перец чёрный молотый:по вкусу:False,лук зелёный:4 стебля:True,огурцы маринованные:2 шт.:False,печень трески:1 банка:False,сметана:4 ст.л.:False;салат,рыба,обед
салат с виноградом;30;Отварите курицу в подсоленной воде до готовности, яйца сварите вкрутую и всё остудите. Небольшими кубиками нарежьте мясо, а чернослив — тонкой соломкой. Натрите на средней тёрке очищенные яйца и сыр. На блюдо выложите половину курицы, сверху распределите половину чернослива и смажьте майонезом. Затем выложите половину сыра, посыпьте частью измельчённых орехов и распределите сверху половину яиц. Смажьте и этот слой майонезом и посыпьте частью орехов. Повторите чередование с оставшимися ингредиентам. Последним слоем должен быть майонез. Разрежьте каждую виноградинку и при необходимости удалите косточки. Выложите ягоды на салат срезом вниз. Поставьте блюдо в холодильник на час.;курица:400 г.:False,соль:по вкусу:False,яйцо:3 шт.:False,чернослив:50 г.:False,сыр:200 г.:False,майонез:для заправки:False,орех грецкий:100 г.:False,виноград:150 г.:False;салат,курица,обед
салат гнездо глухаря;30;Отварите куриные яйца вкрутую за 10 минут, перепелиные — за 4–5 минут, куриную грудку — до готовности. Картошку натрите на тёрке для корейской морковки или нарежьте тонкой соломкой. В сковороде разогрейте масло на среднем огне. Разделите картошку на порции и обжарьте до золотистого цвета за несколько минут. Выложите на бумажные салфетки и остудите. Нарежьте куриные яйца, курицу, лук и огурец небольшими кусочками. Посолите, поперчите и заправьте майонезом. Выложите на тарелку в форме гнезда. Середину посыпьте рубленым укропом и выложите сверху перепелиные яйца. По бокам украсьте салат жареной картошкой.;яйцо:2 шт.:False,яйца перепелиные:3 шт.:False,курица:200 г.:False,картофель:3 шт.:False,масло растительное:3 ст.л.:False,лук репчатый:1 шт.:False,огурец:1 шт.:False,соль:по вкусу:False,перец чёрный молотый:по вкусу:False,майонез:3 ст.л.:False,укроп:для подачи:True;салат,курица,обед
пирог с лисичками;60;Приготовьте тесто: замесите 500 грамм муки, яйца, воду и дрожжи, накройте емкость пленкой и дайте настояться в течение 30 минут в теплом месте. Приготовьте соус-начинку. Обжарьте лук, добавьте лисички, сметану, сливки, сыр, посолите, поперчите и медленно мешайте на среднем огне около 5 минут. Раскатайте тесто, присыпав мукой, выложите охлажденный соус-начинку, защипите тесто по краям и запекайте пирог в духовке 8–9 минут при температуре 210 градусов. Отдельно обжарьте горсть свежих мелких лисичек и выложите на пирог сверху при подаче.;мука:520 г.:False,яйцо:3 шт.:False,вода:100 мл.:False,дрожжи сухие:10 г.:False,лисички:100 г.:False,сметана:40 г.:False,лук репчатый:30 г.:False,сулугуни:30 г.:False,масло сливочное:50 г.:False,сливки:10 л.:False,соль:по вкусу:False,перец чёрный молотый:по вкусу:False;выпечка,грибы
баклажан с фетой;30;Для приготовления томатного соуса потрите на терке помидор, чили и чеснок, добавьте 10 мл оливкового масла, посолите и поперчите по вкусу, хорошо перемешайте. Баклажан разрежьте вдоль и запеките в духовке, разогретой до 190 градусов, до полной готовности. Надрежьте внутреннюю мягкую часть баклажана и выложите туда получившийся томатный соус. Сверху выложите рубленую зелень, нарезанный мелкими кубиками сыр фета, красный лук перьями и каперсы. Посыпьте солью и перцем, полейте оливковым маслом.;баклажан:500 г.:False,сыр фета:100 г.:False,лук репчатый:20 г.:False,каперсы:10 г.:False,кинза:5 г.:False,петрушка:5 г.:False,масло растительное:70 мл.:False,томат:100 г.:False,чили:10 г.:False,чеснок:1 г.:False,соль:по вкусу:False,перец чёрный молотый:по вкусу:False;перекус,закуска,овощи
баклажанная икра;100;Баклажаны нарежьте кубиками, посолите, перемешайте и оставьте на 30 минут. Затем отожмите.  Лук, перец и помидоры нарежьте небольшими кубиками. Морковь натрите на крупной терке. В сковороде разогрейте половину масла, обжарьте баклажаны в течение 10–15 минут, помешивая. Параллельно в другой сковороде обжарьте лук до мягкости, добавьте морковь и сладкий перец, жарьте, помешивая, в течение 10 минут, затем добавьте помидоры и готовьте еще 5 минут. Соедините овощи. Томатную пасту залейте водой, перемешайте и добавьте к овощам, посолите, поперчите и добавьте сахар. Тушите на небольшом огне 30 минут. За 2 минуты до конца добавьте измельченный чеснок. Переложите горячую икру в стерилизованные банки и дайте полностью остыть.;баклажан:500 г.:False,морковь:500 г.:False,лук репчатый:1 шт.:False,перец сладкий:1 шт.:False,томат:200 г.:False,масло растительное:100 мл.:False,томатная паста:70 г.:False,вода:150 мл.:False,чеснок:1 зубчик:False,соль:1 ч.л.:False,сахар:1 ст.л.:False,перец чёрный молотый:по вкусу:False;овощи,перекус,закуска
шакшука;30;Знаменитая израильская яичница, которая вышла из категории завтраков и давно уже является полноценной сытной едой. Помидоры тут должны быть сладкими — они сильно сказываются на вкусе всего блюда в целом.На оливковом масле обжарить измельченный лук до мягкости, добавить измельченный чеснок и нарезанные небольшими кубиками сладкий перец и чили, готовить, помешивая, еще пару минут. Добавить нарезанные небольшими кубиками помидоры, приправить солью, перцем, зирой и паприкой, готовить еще 10–12 минут, пока овощи не станут мягкими. Добавить к овощам нарезанную небольшими кубиками фету, перемешать, разбить в овощи яйца так, чтобы желток остался целым. Отправить сковороду в духовку, разогретую до 180 градусов, на 7–10 минут. Готовую шакшуку посыпать свежей петрушкой и подавать.;яйцо:6 шт.:False,лук репчатый:1 шт.:False,чеснок:1 зубчик:True,перец сладкий:1 шт.:False,томат:500 г.:False,зира:1 ч.л.:True,паприка:1 ч.л.:True,фета:150 г.:False,масло растительное:50 мл.:False,петрушка:10 г.:True,соль:по вкусу:False,перец чёрный молотый:по вкусу:False,чили:1 шт.:True;завтрак
плов узбекский;60;Нарезаем морковь соломкой среднего размера, как на видео. Это самый длительный этап. После него ставим казан на огонь. Ставим казан на огонь, слегка нагреваем и после этого наливаем масло из расчета 300 грамм на 1 кг риса. На 1,5 кг -наливаем примерно 450 грамм. Масло накаливаем до появления дыма. Мясо нарезаем кусками по 5-6 см, отправляем в горячее масло и интенсивно помешиваем. Обжариваем до аппетитной золотистой корочки. И это важно! Так мы «запечатаем» в мясе сочность и аромат. Держим сильный огонь и отправляем в казан морковь. Ее нужно немного обжарить. Так, чтобы на краях морковной соломки вы увидели следы карамелизации. Следом кладем лук и продолжаем жарить. Как только лук станет прозрачным и частично поджарится, начинаем готовить базу для плова - «зирвак». Зирвак. Добавляем в казан около 2 литров воды и тушим мясо с овощами. Солим так, чтобы бульон был слегка пересоленным. Это важно. Рис потом заберет лишнюю соль. На этом этапе отправляем в казан половину зиры и половину барбариса. Тушим 15 минут. Зирвак готов, и значит можно заряжать рис. Если в вашем рисе много белого крахмала - его нужно обязательно промыть до прозрачности воды. Если рис чистый и полупрозрачный его можно вообще не промывать или промыть однократно. Тут действует простое правило - чем дольше ваш рис контактирует с водой, тем выше вероятность, что он разварится в кашу. Именно поэтому никакого замачивания. Снижаем огонь до минимума. Равномерно распределяем рис по плоскости казана. Насыпаем оставшийся барбарис и зиру. Наливаем воду. Важно! Лучше, если вы не будете доливать воды в процессе готовки. Поэтому постарайтесь долить воду так, чтобы она была на 2 пальца выше поверхности риса. Горячая вода или холодная - не имеет значения. Вставьте в рис 3 головки чеснока. Заодно поймете, насколько точно вы налили воду. Здесь можно откорректировать уровень. А теперь накрываем плов крышкой и завариваем зеленый чай. Спокойно пьем чай, контролируем медленный-медленный огонь и ждем. Минут через 20 можно открывать крышку. Открываем крышку и видим, что вода ушла, рис набух и сверху он почти сухой. Отлично, процесс идет правильно. Теперь нужно осторожно «срезать» шумовкой верхний слой риса и перевернуть его, чтобы верхний рис не остался сырым. Закрываем крышку еще на 5 минут. Финал. Доводим плов до готовности. Открываем крышку и начинаем шумовкой потихоньку собирать плов от краев к центру. Так, чтобы к середине собирался небольшой конус. Чем меньше у вас опыта, тем осторожнее нужно действовать. Нельзя взять и перемешать рис - так вы повредите его структуру. Действуем как на зерновом элеваторе - перекидываем влажный и жирный рис с краев в середину. Постепенно поднимая наверх весь зирвак - мясо, морковь и лук. Минут через 5 у вас все получится. Рис окажется равномерно перемешанным с овощами. Действуйте шумовкой как лопатой. Аккуратно сгребайте рис с поверхности и перебрасывайте в центр.;говядина:1.5 кг.:False,рис:1.5 кг.:False,морковь:1.5 кг.:False,лук репчатый:1.5 кг.:False,зира:1 ст.л.:False,барбарис:1 ст.л.:False,чеснок:3 головки:False;горячее,мясное,говядина,ужин
пирожки с картофелем;80;В теплой воде разведите дрожжи, сахар и 2 столовых ложки муки, оставьте на 10–15 минут. В опару добавьте 50 мл растительного масла, чайную ложку соли и, постепенно добавляя муку, замесите тесто. Накройте его пленкой или полотенцем и поставьте в теплое место без сквозняков на 40 минут. Пока тесто подходит, подготовьте начинку. Картофель очистите, нарежьте небольшими кубиками и сварите до готовности. Измельчите лук и обжарьте его на растительном масле до золотистого цвета. Разомните картофель в пюре, добавьте к нему лук, перемешайте и посолите по вкусу. Смажьте рабочую поверхность растительным маслом, обомните на ней поднявшееся тесто. Отрежьте треть теста, придайте ему форму колбаски, нарежьте одинаковыми кусочками размером с куриное яйцо. Раскатайте кусочек теста скалкой, выложите на него картофельную начинку и хорошо слепите края теста, стараясь не оставлять внутри пузырьков воздуха. Так поступите со всем тестом. В глубокой сковороде разогрейте растительное масло, его должно быть достаточно, чтобы пирожки погружались в него наполовину. На среднем огне обжарить пирожки с обеих сторон до золотистой корочки. Готовые пирожки выложите на бумажные полотенца, чтобы избавиться от лишнего масла.;вода:400 мл.:False,дрожжи сухие:11 г.:False,сахар:1 ст.л.:False,мука:700 г.:False,масло растительное:350 мл.:False,картофель:1.2 кг.:False,лук репчатый:3 шт.:False,соль:по вкусу:False;выпечка,овощи
капкейки;45;Разогрейте духовку до 190 градусов. Положите в 12 форм для маффинов бумажные стаканчики. В комбайне смешайте 225 грамм размягченного сливочного масла, сахар, муку, яйца, ваниль и 60 мл молока до однородной массы. Выложите в формочки и выпекайте 15-20 минут до готовности. Тем временем, в миске взбейте миксером пудру с оставшимся сливочным маслом и молоком до воздушного состояния. Добавьте несколько капель красителя и снова взбейте. Охладите капкейки, переложите крем в кондитерский мешок и выдавите сверху. Украсьте украшениями.;масло сливочное:325 г.:False,сахар:220 г.:False,мука:225 г.:False,яйцо:3 шт.:False,ваниль:по вкусу:True,молоко:125 мл.:False,сахарная пудра:450 г.:False,краситель пищевой:по вкусу:True,украшения:по вкусу:True;выпечка,сладкое
шоколадные яйца;30;Растопите 110 грамм темного шоколада в миске на водяной бане, постоянно помешивая до однородного состояния. Вмешайте сахар, миндаль и слегка взбитый белок. Аккуратно перемешайте. Беря небольшое количество теста, размером с грецкий орех, лепите небольшие яички. Выкладывайте на застеленный пленкой противень. Растопите оставшийся белый и темный шоколад на водяной бане в разных мисках. Охладите 5 минут. Наколите яйцо вилкой и опустите в белый шоколад, выложите на пленку. Другое яйцо окуните в темный шоколад. Половину третьего в белый, а другую — в темный. И так далее. Оставшимся шоколадом аккуратно сбрызните яйца для контраста и посыпьте серебряными шариками. Оставьте на некоторое время при комнатной температуре.;шоколад тёмный:275 г.:False,миндаль:175 г.:False,сахарная пудра:175 г.:False,яйцо:1 шт.:False,шоколад белый:175 г.:False,украшения:по вкусу:True;сладкое
греческие пирожки;60;Для теста соединить в миске 0,5 сахара, разрыхлитель и 2,5 стакана просеянной муки. Добавить к ним 0,5 оливкового масла, 0.5 творога и 2 яйца. Влить коньяк и вымешивать тесто в течение 10 минут. Для начинки в отдельной миске смешать 700 грамм творога, корицу, 2 столовые ложки сахара, 1 столовую ложку муки, цедру лимона и желток. На присыпанном мукой столе тонко раскатать тесто и вырезать из него кружки диаметром 8–10 см. Выложить в середину каждого по 1 столовой ложке начинки (слегка примять ее к центру), а края лепешек загнуть и защипнуть. Перед запеканием смазать слегка взбитым яйцом. Выложить на накрытый пергаментом противень и выпекать 20 минут при 180 градусах. Посыпать корицей перед подачей на стол.;разрыхлитель:1 ч.л.:False,коньяк:1/4 стакана:False,творог:1/2 стакана:False,яйцо:2 шт.:False,творог мягкий:700 г.:False,сахар:2 ст.л.:False,мука:1 ст.л.:False,цедра лимонная:1 ч.л:False,корица:1 ч.л.:False,масло растительное:1/2 стакана:False;выпечка,сладкое
борщ пасхальный;90;Одну морковку, одну луковицу и корень петрушки очистить и обжарить на сухой раскаленной сковороде, 4 мин. Свинину вымыть, положить в кастрюлю и залить 4 л воды и довести до кипения. Снять пену. Добавить обжаренные овощи, соль, перец и варить на среднем огне 1 ч. Свеклу, оставшиеся лук и морковь очистить овощечисткой. Очистки от свеклы сложить в миску с ледяной водой и поставить в холодильник на 30 мин. Затем процедить и поставить на огонь. Как только вода начнет закипать, снять с огня. Лук, морковь и свеклу натереть на терке. Помидор нарезать кубиками. Разогреть в сковороде растительное масло и обжарить лук, морковь и свеклу, помешивая, 4 мин. Влить уксус, тушить 10 мин. Добавить помидоры и готовить еще 4 мин. Снять с огня. Нарезать капусту и сало небольшими кусочками. Сало обжарить на сухой сковороде до шкварок. Добавить капусту и готовить, помешивая, 6 мин. Мясо и овощи вынуть из бульона. Бульон процедить. Положить обжаренные овощи, варить 10 мин. Добавить хрен. Довести борщ до кипения. Приправить солью и перцем.Развести борщ свекольным отваром до нужного цвета.;уксус:1 ст.л:False,свинина:500 г.:False,томат:1 шт.:False,хрен:4 ст.л.:False,свёкла:2 шт.:False,соль:по вкусу:False,сало копчёное:100 г.:False,морковь:2 шт.:False,перец сладкий:1 шт.:False,лук репчатый:2 шт.:False,петрушка:пучок:True,масло растительное:2 ст.л.:False,капуста квашеная:700 г.:False;суп,обед,свинина
паштет;40;Печень промыть холодной водой и очистить от жилок. Если попадается печень с зеленым мешочком или такого же цвета пятном, безжалостно выкинуть в ведро: желчь — враг паштета. Промытое переложить в миску, залить молоком и оставить на час: оно вытянет из продукта все, что накопила вредного курица за свою недолгую жизнь. Лук нарезать полукольцами. Разогреть в сковороде на среднем огне растительное масло, добавить треть сливочного. Загрузить лук. Обжарить до мягкости. Печень промыть от молока. Добавить к луку. Обжаривать минут двадцать-тридцать на среднем огне, регулярно помешивая. Затем убавить огонь и влить сливки: они должны практически полностью покрыть содержимое сковороды. Выпарить сливки наполовину — на это уйдет минут пятнадцать. Только после этого посолить и поперчить. Выключить огонь и дать остыть. Перемолоть луково-печеночно-сливочную смесь в блендере, добавив оставшееся сливочное масло. Переложить паштет в удобную емкость — лучше всего в глиняный горшок — и оставить в холодильнике на ночь.;печень куриная:1 кг.:False,лук репчатый:3 шт.:False,масло сливочное:100 г.:False,масло растительное:3 ст.л.:False,сливки:400 мл.:False,молоко:500 мл.:False,соль:по вкусу:False,перец чёрный молотый:по вкусу:False;перекус,закуска
курица с мандаринами;60;Подготовить все ингредиенты. Брокколи разобрать на маленькие соцветия. Мелко нарезать лук-шалот и чеснок, красный перец нарезать кубиком со стороной 7 мм. Смешать овощи с брынзой. Куриное филе посолить и поперчить по вкусу. В каждой грудке сделать глубокий надрез сбоку, чтобы получился карман. Вложить в этот карман овощную начинку. Разогреть сковородку гриль, смазать ее растительным маслом и пожарить грудки с одной стороны в течение 2 минут, чтобы получить золотистый рисунок решетки на мясе. Выложить фаршированные грудки в пароварку и варить 20 минут. Для соуса очистить мандарины и пробить мякоть в блендере. Процедить через сито, перелить мандариновый сок в сотейник, добавить сахар, несколько крупных кусочков имбиря, кардамон и звездочку бадьяна. Выпарить сок втрое. В конце на слабом огне добавить к соусу сливочное масло и растопить его, активно помешивая. Полить готовые грудки мандариновым соусом и подавать.;брокколи:120 г.:False,лук-шалот:50 г.:False,перец сладкий:1 шт.:False,брынза:200 г.:False,филе куриное:4 шт.:False,мандарин:8 шт.:False,имбирь:40 г.:False,кардамон:3 шт.:False,анис:1 шт.:False,чеснок:1 зубчик:False,масло сливочное:20 г.:False,сахар:2 ст.л.:False,соль:по вкусу:False,перец чёрный молотый:по вкусу:False;курица,горячее,обед,ужин
компот из мандаринов;30;Мандарины очистить, разделить на дольки и положить на тарелку. С кожуры мандарина срезать белую мякоть, а верхний слой (цедру) мелко нарезать в виде соломки и, прокипятив в стакане воды, откинуть на сито. В кастрюлю всыпать сахар, залить его 2 стаканами горячей воды, размешать, положить цедру, очищенные и нарезанные яблоки и при медленном кипении варить 10 минут, пока яблоки не станут мягкими. Остывшие яблоки и дольки мандаринов уложить в вазочки и залить сиропом.;яблоко:250 г.:False,мандарин:4 шт.:False,сахар:3/4 стакана:False;напиток,фрукты
мандарины в сиропе;20;Мандарины вымыть, обсушить и сделать на каждом по несколько разрезов. Подготовленные мандарины залить холодной водой так, чтобы она только покрыла мандарины, добавить саке и анис, довести до кипения и варить 10–15 минут. Вынуть мандарины и дать им остыть. В мандариновый отвар всыпать сахар и добавить 1/3 стакана воды, довести до кипения и варить 1–2 минуты. Готовый сироп слегка охладить. Залить мандарины сиропом. Подавать со сливочным мороженым.;мандарин:15 шт.:False,саке:1 ст.л.:False,сахар:1 стакан:False,анис:по вкусу:True,мороженое:1 кг.:False;сладкое,фрукты
пита с фрикадельками;60;Подготовить все ингредиенты. Соединить фарш с панировочными сухарями. Посолить, поперчить, добавить корицу и яичный желток. Тщательно перемешать. Отбить фарш, слепить из него маленькие шарики. На оливковом масле обжарить фрикадельки до появления карамельной корочки. Накрыть крышкой и подержать минут 5. Положить фрикадельки на бумажную салфетку, чтобы стек лишний жир. Питу разрезать вдоль и положить на сухую горячую сковороду и держать там до появления румяной корочки. То же самое можно устроить с помощью гриля. Красный лук избавить от кожуры и нарезать его тонкими полукольцами. Огурец также нарезать тонкими полукольцами. Оливки разрезать вдоль и избавить от косточек, если они есть. Мелко нарезать петрушку. Перемешать вместе лук, огурец и оливки. Добавить оливковое масло, соль и перец. Положить в питу несколько фрикаделек. Положить сверху овощи. Есть сразу, при желании добавив любой соус — майонез, песто или дзадзики.;фарш говяжий:500 г.:False,сухари панировочные:2 ст.л.:False,яйцо:1 шт.:False,соль:по вкусу:False,перец чёрный молотый:по вкусу:False,масло растительное:3 ст.л.:False,пита:4 шт.:False,огурец:150 г.:False,лук репчатый:1/4 шт.:False,оливки:50 г.:False,петрушка:2 веточки:True,корица:по вкусу:True;горячее,мясное,ужин,говядина
фрикадельки в томате;45;Подготовить все ингредиенты. Соединить фарш с панировочными сухарями. Посолить, поперчить, добавить корицу и яичный желток. Тщательно перемешать. Слепить из фарша фрикадельки размером с перепелиное яйцо. Мелко нарезать лук и чеснок. Обжарить их на оливковом масле до появления яркого аромата и золотистого оттенка. Отправить на сковороду протертые помидоры в собственном соку. Добавить в соус мелко нарезанную петрушку, базилик и розмарин. Погрузить фрикадельки в кипящий соус и томить на слабом огне около 15 минут. Если из соуса будет выкипать жидкость, добавить воды или бульона. Готовые фрикадельки выложить в тарелку вместе с соусом. Посыпать пармезаном и украсить петрушкой. Подавать с подсушенным хлебом, который нужно макать в соус.;фарш говяжий:500 г.:False,сухари панировочные:2 ст.л.:False,яйцо:1 шт.:False,соль:по вкусу:False,перец чёрный молотый:по вкусу:False,томатная паста:500 г.:False,лук репчатый:1 шт.:False,чеснок:2 зубчика:False,петрушка:по вкусу:True,розмарин:по вкусу:True,масло растительное:40 мл.:False,корица:по вкусу:True,хлеб:по вкусу:True,пармезан:по вкусу:True;говядина,горячее,ужин,мясное
курник из лаваша;90;Курицу нарезать кусочками в сантиметр, выложить на разогретую сковороду с растительным маслом и жарить, помешивая, пока она не побелеет. Добавить в сковороду мелконарезанный лук и чеснок, перемешать и жарить, пока лук не станет прозрачным. Добавить в сковороду томаты из банки, перемешать, держать на огне еще 3–4 минуты, посолить, добавить все специи и снять с огня. В миску разбить 3 яйца, добавить кефир, сметану, соль, перец и хорошенько перемешать венчиком. Приготовить круглую форму, в которой будет собираться пирог. По диаметру формы вырезать из лаваша четыре круга. Немного получившейся кефирной заливки распределить по дну формы, сверху выложить круг из лаваша, на него — жареную курицу. Сверху — тертый российский сыр, смешанный с рубленой зеленью, и еще немного заливки. Так выложить все четыре слоя пирога. Последний круг из лаваша нарезать на порционные сегменты, чтобы пирог было проще нарезать. Уложив сверху нарезанный сегментами круг, вылить поверх оставшуюся заливку и убрать в разогретую до 180 градусов духовку на 10 минут. Достать пирог из духовки, разложить поверх ломтики тонко нарезанной моцареллы и вернуть в духовку еще на 15 минут.;лаваш:2 шт.:False,филе куриное:500 г.:False,лук репчатый:2 шт.:False,чеснок:2 зубчика:True,томаты консервированные:200 г.:False,масло растительное:45 мл.:False,перец чёрный молотый:по вкусу:True,хмели-сунели:1/2 ч.л.:False,паприка:1/2 ч.л.:False,сыр:200 г.:False,моцарелла:70 г.:False,кефир:200 мл.:False,сметана:50 г.:False,яйцо:3 шт.:False,укроп:по вкусу:True,лук зелёный:по вкусу:True,соль:по вкусу:False;курица,выпечка,обед
курица в пиве;70;Сливочное масло комнатной температуры перемешать с давленым чесноком, листьями тимьяна, щепоткой соли и перца. Аккуратно затолкать масло под кожицу на грудке курицы, стараясь эту кожицу не порвать. Посолить и поперчить курицу со всех сторон — и положить в глубокую форму, но не слишком широкую, чтобы у птицы было поменьше свободного пространства. Поставить курицу в духовку и запекать при тех же 180 градусах. Через десять минут окатить птицу небольшим количеством пива. И продолжать это делать раз в десять минут, пока курица не приготовится, а пиво не кончится. Подсушить черный хлеб, а сухарики перемолоть в блендере в мелкую крошку. Картошку отварить в подсоленной воде, затем слить из кастрюли воду, а взамен добавить молоко, яйца и подсолнечное масло. Сделать пюре, вмешать перемолотые сухарики. Подавать картошку к запеченной курице.;курица:2 кг.:False,картофель:1 кг.:False,пиво тёмное:500 мл.:False,яйцо:2 шт.:False,хлеб чёрный:100 г.:False,чеснок:2 зубчика:True,масло сливочное:100 г.:False,молоко:200 мл.:False,масло растительное:50 мл.:False,тимьян свежий:6 стеблей:False,соль:по вкусу:False,перец чёрный молотый:по вкусу:False;горячее,курица,обед,ужин
попкорн из курицы;90;Смешиваем чесночный порошок, черный молотый перец и паприку. Делим смесь на 2 части (одна часть пойдёт для маринада, вторая для панировки). Если хотите поострее, замените часть черного перца кайенским (чили) перцем. Режем филе на кусочки размером приблизительно 1,5×2 см. В глубокой миске соединяем 1 часть смеси с нарезанным филе, солим по вкусу, хорошо перемешиваем и убираем в холодильник на пол часа — час. В миске побольше смешиваем вторую часть смеси с мукой и приправляем солью по вкусу, чтобы панировка не была пресной. Достаём курицу из холодильника, панируем курицу в муке, затем окунаем её в йогурт. Затем снова панируем в муке. Потом выкладываем кусочки на решётку, чтобы они слегка подсохли, 10-15 минут будет вполне достаточно. В кастрюлю с толстым дном наливаем 2,5-3 см. растительного масла, ставим на огонь менее среднего и нагреваем масло. Бросаем наши кусочки в масло, они должны кипеть, но не сильно. Жарим 3-4 минуты до ярко золотистого цвета. Если у вас будет жариться быстрее, значит у вас перегрето масло, убавьте ещё огонь. Жарить в несколько этапов, чтобы при жарке кусочки свободно плавали в масле и не слипались. Вынимаем шумовкой на бумажное полотенце, чтобы дать стечь лишнему маслу. Подавать можно сразу. Поп-корн получается хрустящим снаружи и сочным внутри.;филе куриное:500 г.:False,мука кукурузная:300 г.:False,чеснок сушеный:2 ст.л.:False,перец чёрный молотый:1 ст.л.:False,паприка:1 ст.л.:False,соль:по вкусу:True,йогурт:300 г.:False,масло растительное:по вкусу:False;курица,закуска,перекус
кекс лимонный;80;В кухонном комбайне смолоть миндаль в мелкую крошку. Отдельно смешать просеянную муку, разрыхлитель и соль. Оставшееся масло поместить в большую миску и всыпать стакан сахара. Миксером взбить в течение минуты, добавить по одному яйца, затем вмешать мучную смесь и влить молоко. Тщательно все смешать, добавить цедру двух лимонов и снова перемешать. Духовку разогреть до 180 градусов. Прямоугольную форму для кекса смазать сливочным маслом и посыпать крошками, стряхнуть излишки. Перелить тесто в форму и выпекать до готовности около часа. Оставшийся сахар смешать в сотейнике с соком двух лимонов и на среднем огне, помешивая и не давая кипеть, приготовить глазурь. Кистью покрыть еще горячий кекс глазурью, затем полностью остудить и завернуть в пищевую пленку. Оставить при комнатной температуре на двадцать четыре часа.;масло сливочное:180 г.:False,крошки:2 ст.л.:False,миндаль:80 г.:False,мука:345 г.:False,разрыхлитель:1 ч.л.:True,соль:3/4 ч.л.:False,сахар:350 г.:False,яйцо:2 шт.:False,молоко:100 мл.:False,лимон:2 шт.:False;выпечка,сладкое
лимонный курд;20;Взбить яйца, желтки и сахар до однородной массы и поставить их на водяную баню. Добавить сок и цедру двух лимонов. Далее постепенно вмешать охлажденное сливочное масло. Продолжать мешать, пока курд не загустеет. Протереть получившийся курд через сито и переложить в банку.;яйцо:4 шт.:False,сахар:165 г.:False,масло сливочное:80 г.:False,лимон:2 шт.:False;сладкое,фрукты
запеченные яблоки;30;Помыть яблоки и срезать у них верхушку. Серединку яблока вытащить при помощи чайной ложки. Вытащить все косточки и вырезать ложкой углубление в яблоке — так, чтобы яблоко превратилось в чашу или пиалу. Уложить яблоки в емкость для запекания, накрытую пергаментом. Посыпать их сахаром (половиной от указанного количества) и корицей. Отправить все в духовку, разогретую до 170 градусов, на 15–20 минут. Следить за тем, как готовятся яблоки. Пока яблоки запекаются, приготовить начинку. В творог добавить ягоды (если ягоды замороженные, предварительно их нужно разморозить) и оставшийся сахар. Аккуратно перемешать — так, чтобы ягоды остались целыми. Положить в каждое яблоко творожную массу с горкой. Отправить в духовку, разогретую до той же температуры, на 5–7 минут. Признак готовности — чуть подпекшийся, но не потемневший творог. Выложить готовые яблоки в посуду для подачи, аккуратно, чтобы сок из яблок не вытек. Накрыть каждое яблоко крышкой, остудить в течение 10 минут. Затем полить все жидким медом, посыпать орехами, сахарной пудрой, корицей и ягодами. Украсить мятой и подавать.;яблоко:4 шт.:False,сахар:4 ст.л.:False,корица:по вкусу:True,творог:200 г.:False,ягоды:100 г.:False,мёд:по вкусу:True,орехи:по вкусу:True,сахарная пудра:по вкусу:True,мята:по вкусу:True;фрукты,сладкое
форшмак;15;Отрезать от батона — можно обычного нарезного — три не слишком больших ломтика, срезать корочку (хотя можно и оставить). Положить в миску и залить питьевой водой так, чтобы она полностью покрывала хлеб. Очистить и крупно нарезать лук и целое яблоко. Количество лука зависит от вкуса едоков, но помните: чем дольше хранится форшмак, тем сильнее луковый дух. Пропустить через мясорубку филе сельди, сваренные вкрутую яйца, лук, яблоки и хорошо отжатый хлеб. Выбирать решетку нужно исходя из требуемой текстуры форшмака. Можно и не пользоваться мясорубкой, а нарубить все ингредиенты ножом — это аутентичнее. Можно добавить масло, оставшееся в упаковке сельди, и снова сделать массу однородной. И подавать — с религиозным чувством или без.;сельдь:500 г.:False,яйцо:3 шт:False,хлеб белый:3 шт.:True,яблоко:1.5 шт.:False,лук репчатый:1/2 шт.:False,петрушка:по вкусу:True,соль:по вкусу:False;перекус,закуска,рыба
салат газапхули;10;Большое яблоко натереть на крупной терке. С огурцов снять кожуру и натереть тоже (если овощи совсем молоденькие, то можно и с кожурой). Чеснок и укроп (без стеблей, только листья) мелко нарубить, лук нарезать произвольно. Смешать с огурцами и яблоком, сбрызнуть лимонным соком, заправить уксусом и маслом, перемешать.;яблоко:1 шт.:False,огурец:2 шт.:False,чеснок:2 зубчика:True,лук зелёный:4 шт.:False,укроп:по вкусу:False,сок лимонный:по вкусу:True,уксус:по вкусу:True,масло растительное:1/2 ст.л.:False;салат,перекус,овощи
тост с редиской;15;Редиску нарезать тонкими кружочками с помощью ножа или мандолины. Положить редиску в холодную воду, от воды она станет более хрустящей и немного изогнется в форму чашечки. Мелко порубить петрушку и кинзу. Смешать творожный сыр со сметаной. Добавить петрушку с кинзой и перемешать. Посолить и поперчить по вкусу. На сухой сковороде или в тостере поджарить хлеб до золотистой корочки. Намазать на хлеб щедрый слой сырного крема. На крем выложить редис, предварительно промокнув его бумажным полотенцем. Сверху выложить небольшие листья мизуны и подавать к завтраку.;хлеб:6 кусков:False,сыр творожный:300 г.:False,сметана:100 г.:False,петрушка:15 г.:True,кинза:15 г.:True,мизуна:по вкусу:True,редис:6 шт.:False,соль:по вкусу:False,перец чёрный молотый:по вкусу:False;перекус,закуска,овощи
ленивый пирог;20;Из двух больших листов лаваша вырезать четыре круга. Для этого можно использовать ножницы и круглую крышку или тарелку, по диаметру соответствующую сковороде, в которой будете готовить. Круги, вырезанные из лаваша, используйте для приготовления блюда, а обрезки не понадобятся - из них можно приготовить, например, чипсы. Колбасу нарезать тонкими ломтиками. Помидор вымыть и нарезать тонкими кружочками. Сыр натереть на тёрке. Яйца разбить в миску, посолить, поперчить и взболтать вилкой. На разогретой сковороде разогреть половину сливочного масла. Убавить огонь до минимума и вылить половину яиц. Положить сверху круг лаваша. На лаваш выложить половину колбасы и посыпать примерно 1/3 частью сыра. Сверху накрыть вторым кругом лаваша. Выложить на него кружочки помидоров. Посыпать ещё 1/3 сыра. Накрыть третьим кругом лаваша, выложить оставшуюся колбасу и снова посыпать оставшимся сыром. Накрыть четвертым кругом лаваша. Сверху залить оставшимся яйцом. Готовить под крышкой на среднем огне примерно 5 минут. Затем аккуратно снять пирог со сковороды (широкой лопаткой на плоское блюдо). Сковороду смазать оставшимся маслом, положить пирог из лаваша обратной неподжаренной стороной и готовить ещё 5 минут под крышкой. Готовый пирог снять со сковороды, нарезать порционно и сразу же подавать.;лаваш:2 шт.:False,колбаса:200 г.:False,сыр:200 г.:False,томат:1 шт.:False,яйцо:3 шт.:False,масло сливочное:15 г.:False,соль:по вкусу:False,перец чёрный молотый:по вкусу:False;завтрак
сырники-кубики;15;В миску кладём творог и вбиваем яйцо. Тщательно перемешиваем и растираем вилкой, разминая комочки творога. В миску с творогом просеиваем муку. Перемешиваем. Банан очищаем и нарезаем небольшими кружочками. Из творожного теста скатываем шарик и кладём на подпыленную мукой доску. Пальцами расплющиваем шарик в лепёшку. В центр лепёшки кладём кусочек банана. Собираем края лепёшки к центру и формируем сырник кубической формы. Если тесто слишком липкое, руки подпыляем мукой. Таким же образом формируем остальные сырники-кубики с начинкой. У меня получилось 7 сырников. В сковороде разогреваем растительное масло. Обжариваем сырники с банановой начинкой на умеренном огне по 2-3 минуты с каждой стороны. Сырники с бананом готовы. При желании поливаем сырники-кубики мёдом при подаче.;творог:200г.:False,банан:1 шт.:False,мука:3 ст.л.:False,масло растительное:для жарки:False,мёд:для подачи:True;завтрак,фрукты
яйца по-неаполитански;25;Разрежьте помидор пополам, удалите семечки, лишняя вода в этом блюде не нужна. Положить в формочки помидоры. Посолите помидоры, поперчите по вкусу, посыпьте листиками тимьяна, сбрызните оливковым маслом. Добавить специи и масло. Сверху на помидор выложите по большому ломтю моцареллы. Положить сыр. Слегка присыпьте моцареллу пармезаном, растирая его между пальцами. Присыпать тертым сыром. Разбейте по одному яйцу в форму для запекания, а если позволяет, то вбейте еще по одному яйцу. Поставьте формы в разогретую духовку и запекайте при 200 градусах 10-15 минут. Смотрите по своей духовке, желток должен остаться жидким. Вбить яйцо. Посыпаем яйца свежим тимьяном, пармезаном и либо нарубленными каперсами, либо кладем плоды каперсов по 1-2 штуки в каждую порцию. Положить каперсы. Подаем готовые яйца по-неаполитански сразу же после приготовления с гренками или свежайшим хлебушком.;томат:1 шт.:False,моцарелла:100 г.:False,тимьян:веточка:True,пармезан:2 ст.л.:False,каперсы:10 г.:False,яйцо:2-4 шт.:False,масло сливочное:2 ч.л.:False,соль:по вкусу:False,перец чёрный молотый:по вкусу:False;завтрак
творожный пуддинг;55;Чтобы пудинг получился нежным и воздушным, творог протрем через сито. Молоко закипятим, всыплем манку и сварим кашу, добавим в нее соль и сахар. В протертый творог добавляем растопленное не горячее сливочное масло. Оставим немного для смазывания пудинга сверху, перемешиваем. Далее добавляем остывшую манную кашу. Затем добавим предварительно взбитый желток куриного яйца и тщательно перемешаем все до однородного состояния. После чего взбиваем до стойкости белок, вводим его в творожную массу и очень аккуратно все смешиваем. Форму для пудинга смазываем сливочным маслом и присыпаем панировочными сухарями, после чего выкладываем воздушную массу. Разравниваем поверхность и с помощью кулинарной кисти смазываем оставшимся растопленным маслом. Выпекаем творожный пудинг как в детском саду в заранее разогретой до 180 градусов духовке примерно 30-40 минут. Готовый пудинг достаем и даем ему остыть.;творог:400 г.:False,сахар:30 г.:False,крупа манная:10 г.:False,молоко:40 г.:False,масло сливочное:40 г.:False,яйцо:1 шт.:False,соль:по вкусу:False;завтрак
яйцо в хлебе;25;На каждую порцию нам понадобится 2 кусочка тостового хлеба. Я готовлю две порции, поэтому у меня - 4 кусочка. В двух из них я вырежу мякоть в виде квадрата, хотите быть романтичным - сделайте отверстия в хлебе в виде сердечек, или порадуйте детей - вырежьте мякоть какой-то вырубкой с животным или цветочком-грибочком, в общем, проявите фантазию. Вырезать сердцевину хлеба. Два целый куска хлеба выкладываем в форму для запекания, смазанную растительным маслом. Выложить хлеб в форму. На хлеб выкладываем по кусочку тонко нарезанной ветчины или любой колбасы. Положить ломтик колбасы. Сыр твердый натираем на средней терке и посыпаем колбасу. Посыпать сыром. Сверху выкладываем кусочки хлеба с отверстиями, хорошо прижимаем кусочки хлеба к сыру. В процессе запекания сыр расплавится и не даст яйцу вытечь из хлеба. Положить корочку хлеба. Аккуратно вбиваем по одному яйцу в каждое отверстие. Вбить яйцо. Посолим и поперчим яйца. Добавим по половинке помидора черри и отправим яйцо в хлебе в духовку, разогретую до 180 градусов С, на 15 минут, или готовим чуть меньше по времени - пока белок не станет белым, а желток еще останется жидким.;хлеб:4 шт.:False,яйцо:2 шт.:False,ветчина:50 г.:True,сыр:50 г.:False,соль:по вкусу:False,перец чёрный молотый:по вкусу:False,томат:1 шт.:True;завтрак
сырники в духовке;40;Соедините в одной ёмкости творог, муку, сахар, яичные желтки. Готовим тесто для сырников. Перебейте соединённые ингредиенты погружным блендером - у вас должна получится однородная творожная масса без комочков и крупинок. Введите в эту творожную массу взбитые до крепкой пены со щепоткой соли яичные белки. У вас получится пышное творожное тесто для диетических сырников. Выпекаем сырники в силиконовых формочках 25 минут при 180 градусах. Важно готовые сырники оставить в формочках до того момента, пока они полностью остынут, а только потом из извлекать- так сырники будут уверенно держать форму и не опадут.;творог:400 г.:False,яйцо:3 шт.:False,мука:4 ст.л.:False,сахар:2.5 ст.л.:False,соль:щепотка:False,сахарная пудра:для подачи:True;завтрак
суп лохикейтто;45;В кастрюле растопить сливочное масло и бросить туда нарезанный полукольцами порей. Обжаривать, помешивая, 5 минут.Залить водой, добавить лавровый лист, нарезанный средним кубиком картофель, посолить, довести до кипения, накрыть и варить 15 минут на небольшом огне. Добавить сливки и нарезанную крупным кубиком рыбу, варить еще 5 минут после закипания. Посолить и поперчить. Выловить лавровый лист, снять с огня и добавить измельченный укроп.;масло сливочное:40 г.:False,лук-порей:2 шт.:False,вода:1.5 л.:False,картофель:1.5 кг.:False,лавровый лист:1 шт.:True,лосось:500 г.:False,сливки:1 л.:False,укроп:100 г.:True,соль:по вкусу:False,перец чёрный молотый:по вкусу:False;суп,обед,рыба
суп фасолада;120;Фасоль залить большим количеством холодной воды и оставить на 14–16 часов. Разбухшую фасоль промыть и пересыпать в кастрюлю, залить водой так, чтобы она покрывала фасоль, поставить на огонь и довести до кипения. Снять образовавшуюся пену и слить воду. В той же кастрюле, где варилась фасоль, разогреть оливковое масло, обжарить мелко нарезанный лук до прозрачности, затем добавить крупно нарезанные морковь и сельдерей, обжаривать еще минуту. Добавить фасоль, обжаривать, помешивая, еще 2 минуты, влить пассату, хорошо перемешать. Залить 1,5 литрами горячей воды, накрыть крышкой и варить 1,5 часа на небольшом огне до готовности фасоли. Каждые 30 минут проверять, достаточно ли воды. Суп должен быть густым, но все же супом. Добавить соль и перец по вкусу, поварить еще 15–30 минут до готовности фасоли. Фасолада, как и многие супы, гораздо вкуснее на следующий день.;фасоль:500 г.:False,масло растительное:200 мл.:False,лук репчатый:2 шт.:False,морковь:2 шт.:False,сельдерей:2 шт.:False,томатная паста:500 г.:False,соль:по вкусу:False,перец чёрный молотый:по вкусу:False;суп,обед
рамен;120;Грудинку обсушить от влаги и обжарить на растительном масле со всех сторон до золотистой корочки. Затем в кастрюлю влить 250 мл воды, 80 мл соевого соуса, рисовое вино, добавить 2 столовые ложки сахара, довести до кипения и поместить туда мясо, крупно нарезанные зеленый лук и имбирь. Готовить на низком огне под крышкой в течение часа. Периодически поливать мясо соусом. Разогреть бульон, добавить крупно нарезанный имбирь, зубчики чеснока и анис, поварить 30 минут. Смешать половник горячего бульона с пастой мисо до однородной массы и перелить ее в кастрюлю с бульоном. Туда же добавить соевый соус. Сварить яйца в умеренно кипящей воде в течение 7–8 минут. Лапшу сварить согласно инструкции на упаковке. Собрать суп прямо в тарелке: Налить бульон, положить лапшу, несколько ломтиков мяса, нарезанный кольцами лук, рубленую кинзу, половинки яйца, колечки чили и ростки сои.;свинина:500 г.:False,имбирь:50 г.:True,соевый соус:140 мл.:False,вино рисовое:80 мл.:True,лук зелёный:50 г.:False,чеснок:2 зубчика:True,анис:2 шт.:True,мисо-паста:1 ст.л.:True,лапша:200 г.:False,яйцо:4 шт.:False,ростки сои:150 г.:True,сахар:2 ст.л.:False,кинза:по вкусу:True,бульон куриный:1 л.:False;суп,обед,свинина
суп буйабес;60;Буйабес варится из свежего улова, что поймал — то и сварил. Поэтому рыбная составляющая может меняться, но она всегда должна быть разнообразна. Креветки очистить, панцири не выбрасывать. Вскипятить в кастрюле 1,5 литра воды, положить туда панцири, лавровый лист, цедру и перец. Кипятить на небольшом огне 15 минут. В кастрюле с толстым дном разогреть оливковое масло, обжарить измельченный лук до прозрачности, добавить нарезанный тонкими кольцами порей и нарезанный тонкими ломтиками фенхель, посолить, убавить огонь до минимума, накрыть крышкой и потомить 20 минут. Вновь увеличить огонь под кастрюлей с овощами и добавить к ним измельченный чеснок, жарить, помешивая, минуту-две. Добавить помидоры и вино, варить еще 20 минут. Процедить креветочный бульон и влить его к овощам, добавить тимьян, майоран, шафран и перец, варить еще 10 минут. Положить в суп нарезанную крупными кусочками рыбу, через 2 минуты добавить мидии, еще через 2 минуты положить креветки, варить еще около 2 минут, до готовности креветок. Сразу же подавать.;креветки:300 г.:False,лавровый лист:1 шт.:True,перец чёрный молотый:по вкусу:False,апельсин:1 шт.:False,масло растительное:50 мл.:False,лук репчатый:1 шт.:False,лук-порей:1 шт.:True,фенхель:1 шт.:False,чеснок:2 зубчика:True,томаты консервированные:400 г.:False,вино белое сухое:250 мл.:False,тимьян:веточка:True,майоран:1/2 ч.л.:True,шафран:щепотка:True,морепродукты:1.2 кг.:False,соль:по вкусу:False,перец чёрный молотый:по вкусу:False;суп,обед,рыба
сырный суп;60;Проварить грибы в подсоленной воде 5 мин. Измельчить лук, морковь нарезать полукольцами, картофель - кубиками. Обжарить лук (можно в той кастрюле, где будет вариться суп). Когда лук начнёт золотиться, добавить к нему морковь, обжарить всё вместе пару минут. Когда лук и морковь обменяются ароматами, отправить в кастрюлю лисички. Обжарить всё вместе ещё немного. Добавить картофель. Залить ингредиенты грибным бульоном (в котором варились лисички). Довести до кипения. Натереть на тёрке сыр. Даём супу покипеть минут 10. Солим. Можно добавить любимые специи, например, перец или щепотку мускатного ореха.;лисички:500 г.:False,картофель:2 шт.:False,морковь:1 шт.:False,лук репчатый:1 шт.:False,сыр плавленный:2 шт.:False,соль:по вкусу:False,перец чёрный молотый:по вкусу:False;суп,обед,грибы
томатный суп;20;Как сварить томатный суп-пюре классический из свежих помидоров? Подготовьте указанные продукты. Лучше использовать помидоры мясистых, а не сочных сортов, с плотной мякотью и тонкой кожурой. Томить блюдо рекомендуется на оливковом масле холодного отжима. Дополнить набор ингредиентов можно морковью, сельдереем, кинзой и т.д. Помидоры промойте в воде, выложите в глубокую миску или пиалу, залейте кипятком и оставьте на 3-5 минут в зависимости от величины плодов. После этого резко переместите помидоры в ледяную воду. Благодаря разнице температур кожура с томатов легко счистится. Пока томаты в воде, очистите луковицу, промойте и нарежьте мелким кубиком. Прогрейте оливковое масло в казане или сотейнике с антипригарным дном, пассеруйте в нем луковую нарезку на слабом огне до прозрачности или золотистого цвета, время от времени перемешивая. С выбором идеальной посуды для супа поможет отдельная статья, ссылка в конце рецепта. Очистите помидоры от кожуры, вырежьте из них сердцевинки и нарежьте мелким или средним кубиком. Отправьте помидоры к пассерованной луковой нарезке. Протомите всё на среднем огне, пока томатная нарезка не выпустит сок. Посолите и поперчите по вкусу, добавьте немного горячей воды. Обязательно попробуйте суп на вкус, и, если томаты кисловатые, нивелируйте кислинку сахарным песком. Убавьте нагрев до минимума и потушите блюдо около 10 минут. По желанию можно всыпать сушеные прованские травы, сушеный базилик, орегано и т.д. Выключите огонь и перелейте всю массу в емкость для блендера или в чашу кухонного комбайна. Пюрируйте суп до однородного состояния. Если сначала дать массе остыть, а потом пюрировать ее, то после измельчения суп необходимо будет еще раз прогреть до кипения. Разлейте горячий суп в тарелки или пиалы, присыпьте измельченной свежей зеленью, молотым черным перцем, украсьте лимонным базиликом. Можно подать первое блюдо с сухариками, крутонами или гренками с чесноком.;томат:300 г.:False,лук репчатый:1 шт.:False,масло растительное:20 мл.:False,соль:по вкусу:False,перец чёрный молотый:по вкусу:False,зелень:по вкусу:True,базилик:1 лист:True;суп,обед,овощи
свиная шейка тушеная;40;Куски мяса отправляем на сковороду, жарим до коричневого цвета, добавляем туда порезанный лук, держим около пяти минут. Выкладываем туда же измельченный чеснок, вливаем немного воды и приправляем специями. Прикрываем емкость и готовим 30 минут на медленном огне.;свинина:500 г.:False,чеснок:3 зубчика:False,специи:по вкусу:True,лук репчатый:1 шт.:False;свинина,горячее,ужин,мясное
кордон–блю;40;Кусочки шницеля хорошо отбить, покрыть специями. Сверху выложить немного ветчины и ломтики сыра. Свернуть мясо в рулет, аккуратно обвалять в муке, затем в яйце и сухарях. Обжаривать на сковороде в масле или запекать на 200 градусах в духовке 30 минут.;сухари панировочные:по вкусу:False,мука:30 г.:False,свинина:400 г.:False,сыр:30 г.:False,ветчина:50 г.:False,яйцо:1 шт.:False;свинина,горячее,ужин,мясное
свинина по-китайски;60;Мясо нужно вымыть и освободить от лишних пленок. Нарезать поперек волокон, как на отбивные, кусочки толщиной в 1 см. Немного отбить. Если у вас свиная вырезка ее можно не отбивать. Отбитые куски нарезать соломкой, примерно по полсантиметра. Налить в мясо одну столовую ложку соевого соуса и оставить его постоять. Нарезать остальные овощи такой же соломкой. Если вам нравится имбирь и чеснок - их можно мелко порубить. Если не нравится – нарежьте крупно, чтобы потом выбрать из блюда. Вылить в миску остатки соевого соуса, уксус, сахар, горчицу и половину крахмала. Все перемешать и сюда же добавить воду. Оставшийся крахмал добавить в мясо и тоже хорошо перемешать. Хорошо разогреть большую сковороду (если есть ВОК – хорошо). Добавить пару столовых ложек растительного масла. Добавить морковь и на сильном огне обжарить минуту-полторы. Добавить сладкий и острый перец и обжарить еще полторы минуты. Обжаренные овощи снять со сковороды. Добавить столовую ложку масла и быстро в течение 20-30 секунд обжарить чеснок и имбирь. Если чеснок и имбирь вам не нравятся, после обжарки их можно убрать. Выложить на сковороду мясо и не снижая нагрева обжарить его при постоянном помешивании 3-4 минуты. Добавить к мясу овощи, нагрев уменьшить до среднего и жарить еще 3 минуты. Хорошо размешать готовый соус, чтобы поднялся крахмал и вылить его в сковороду. Прогреть еще пару минут. На этом все. Свинина в кисло-сладком соусе готова.;свинина:400 г.:False,морковь:1 шт.:False,перец сладкий:1 шт.:False,чеснок:зубчик:False,имбирь:по вкусу:True,чили:по желанию:True,соевый соус:4 ст.л.:False,сахар:2 ст.л.:False,уксус:2 ст.л.:False,горчица дижонская:1 ч.л.:False,крахмал картофельный:2 ч.л.:True,вода:80 мл.:False;свинина,горячее,ужин,мясное